--
-- PostgreSQL database cluster dump
--

SET default_transaction_read_only = off;

SET client_encoding = 'UTF8';
SET standard_conforming_strings = on;

--
-- Roles
--

CREATE ROLE dbuser;
ALTER ROLE dbuser WITH SUPERUSER INHERIT CREATEROLE CREATEDB LOGIN REPLICATION BYPASSRLS PASSWORD 'SCRAM-SHA-256$4096:o0V40Jfzrugx/NT9DizMLQ==$jK+je7+Fw88d0gKtVjRaIOsWVJXcd/yb6DpIbmHDGW0=:cjohmm6yCAZD9dgyVY/oeDanzKaEh77cMs0NWbirKmY=';

--
-- User Configurations
--








--
-- Databases
--

--
-- Database "template1" dump
--

\connect template1

--
-- PostgreSQL database dump
--

-- Dumped from database version 16.2 (Debian 16.2-1.pgdg120+2)
-- Dumped by pg_dump version 16.2 (Debian 16.2-1.pgdg120+2)

SET statement_timeout = 0;
SET lock_timeout = 0;
SET idle_in_transaction_session_timeout = 0;
SET client_encoding = 'UTF8';
SET standard_conforming_strings = on;
SELECT pg_catalog.set_config('search_path', '', false);
SET check_function_bodies = false;
SET xmloption = content;
SET client_min_messages = warning;
SET row_security = off;

--
-- PostgreSQL database dump complete
--

--
-- Database "postgres" dump
--

\connect postgres

--
-- PostgreSQL database dump
--

-- Dumped from database version 16.2 (Debian 16.2-1.pgdg120+2)
-- Dumped by pg_dump version 16.2 (Debian 16.2-1.pgdg120+2)

SET statement_timeout = 0;
SET lock_timeout = 0;
SET idle_in_transaction_session_timeout = 0;
SET client_encoding = 'UTF8';
SET standard_conforming_strings = on;
SELECT pg_catalog.set_config('search_path', '', false);
SET check_function_bodies = false;
SET xmloption = content;
SET client_min_messages = warning;
SET row_security = off;

--
-- PostgreSQL database dump complete
--

--
-- Database "sanjab" dump
--

--
-- PostgreSQL database dump
--

-- Dumped from database version 16.2 (Debian 16.2-1.pgdg120+2)
-- Dumped by pg_dump version 16.2 (Debian 16.2-1.pgdg120+2)

SET statement_timeout = 0;
SET lock_timeout = 0;
SET idle_in_transaction_session_timeout = 0;
SET client_encoding = 'UTF8';
SET standard_conforming_strings = on;
SELECT pg_catalog.set_config('search_path', '', false);
SET check_function_bodies = false;
SET xmloption = content;
SET client_min_messages = warning;
SET row_security = off;

--
-- Name: sanjab; Type: DATABASE; Schema: -; Owner: dbuser
--

CREATE DATABASE sanjab WITH TEMPLATE = template0 ENCODING = 'UTF8' LOCALE_PROVIDER = libc LOCALE = 'en_US.utf8';


ALTER DATABASE sanjab OWNER TO dbuser;

\connect sanjab

SET statement_timeout = 0;
SET lock_timeout = 0;
SET idle_in_transaction_session_timeout = 0;
SET client_encoding = 'UTF8';
SET standard_conforming_strings = on;
SELECT pg_catalog.set_config('search_path', '', false);
SET check_function_bodies = false;
SET xmloption = content;
SET client_min_messages = warning;
SET row_security = off;

SET default_tablespace = '';

SET default_table_access_method = heap;

--
-- Name: accounts_childuser; Type: TABLE; Schema: public; Owner: dbuser
--

CREATE TABLE public.accounts_childuser (
    first_name character varying(100) NOT NULL,
    last_name character varying(100) NOT NULL,
    national_code character varying(10) NOT NULL,
    birth_date date,
    grade character varying(50) NOT NULL,
    school_address character varying(100) NOT NULL,
    type smallint NOT NULL,
    parent_id character varying(10),
    which_child character varying(50)
);


ALTER TABLE public.accounts_childuser OWNER TO dbuser;

--
-- Name: accounts_otpcode; Type: TABLE; Schema: public; Owner: dbuser
--

CREATE TABLE public.accounts_otpcode (
    id bigint NOT NULL,
    phone_number character varying(11) NOT NULL,
    code smallint NOT NULL,
    created_time timestamp with time zone NOT NULL,
    expire_at time without time zone,
    CONSTRAINT accounts_otpcode_code_check CHECK ((code >= 0))
);


ALTER TABLE public.accounts_otpcode OWNER TO dbuser;

--
-- Name: accounts_otpcode_id_seq; Type: SEQUENCE; Schema: public; Owner: dbuser
--

ALTER TABLE public.accounts_otpcode ALTER COLUMN id ADD GENERATED BY DEFAULT AS IDENTITY (
    SEQUENCE NAME public.accounts_otpcode_id_seq
    START WITH 1
    INCREMENT BY 1
    NO MINVALUE
    NO MAXVALUE
    CACHE 1
);


--
-- Name: accounts_user; Type: TABLE; Schema: public; Owner: dbuser
--

CREATE TABLE public.accounts_user (
    password character varying(128) NOT NULL,
    last_login timestamp with time zone,
    first_name character varying(200) NOT NULL,
    last_name character varying(200) NOT NULL,
    national_code character varying(10) NOT NULL,
    phone_number character varying(11),
    type smallint,
    is_admin boolean NOT NULL,
    is_active boolean NOT NULL,
    phone_active boolean NOT NULL,
    is_super_admin boolean NOT NULL
);


ALTER TABLE public.accounts_user OWNER TO dbuser;

--
-- Name: accounts_userprofile; Type: TABLE; Schema: public; Owner: dbuser
--

CREATE TABLE public.accounts_userprofile (
    id bigint NOT NULL,
    father_name character varying(200),
    birth_date date,
    education character varying(200),
    field_study character varying(200),
    telephone character varying(11),
    address character varying(300),
    "Regional_Municipality" smallint,
    job character varying(200),
    office_address character varying(200),
    boys smallint,
    girls smallint,
    postal_code character varying(15),
    user_id character varying(10) NOT NULL,
    husband_id character varying(10),
    registered_at timestamp with time zone
);


ALTER TABLE public.accounts_userprofile OWNER TO dbuser;

--
-- Name: accounts_userprofile_id_seq; Type: SEQUENCE; Schema: public; Owner: dbuser
--

ALTER TABLE public.accounts_userprofile ALTER COLUMN id ADD GENERATED BY DEFAULT AS IDENTITY (
    SEQUENCE NAME public.accounts_userprofile_id_seq
    START WITH 1
    INCREMENT BY 1
    NO MINVALUE
    NO MAXVALUE
    CACHE 1
);


--
-- Name: auth_group; Type: TABLE; Schema: public; Owner: dbuser
--

CREATE TABLE public.auth_group (
    id integer NOT NULL,
    name character varying(150) NOT NULL
);


ALTER TABLE public.auth_group OWNER TO dbuser;

--
-- Name: auth_group_id_seq; Type: SEQUENCE; Schema: public; Owner: dbuser
--

ALTER TABLE public.auth_group ALTER COLUMN id ADD GENERATED BY DEFAULT AS IDENTITY (
    SEQUENCE NAME public.auth_group_id_seq
    START WITH 1
    INCREMENT BY 1
    NO MINVALUE
    NO MAXVALUE
    CACHE 1
);


--
-- Name: auth_group_permissions; Type: TABLE; Schema: public; Owner: dbuser
--

CREATE TABLE public.auth_group_permissions (
    id bigint NOT NULL,
    group_id integer NOT NULL,
    permission_id integer NOT NULL
);


ALTER TABLE public.auth_group_permissions OWNER TO dbuser;

--
-- Name: auth_group_permissions_id_seq; Type: SEQUENCE; Schema: public; Owner: dbuser
--

ALTER TABLE public.auth_group_permissions ALTER COLUMN id ADD GENERATED BY DEFAULT AS IDENTITY (
    SEQUENCE NAME public.auth_group_permissions_id_seq
    START WITH 1
    INCREMENT BY 1
    NO MINVALUE
    NO MAXVALUE
    CACHE 1
);


--
-- Name: auth_permission; Type: TABLE; Schema: public; Owner: dbuser
--

CREATE TABLE public.auth_permission (
    id integer NOT NULL,
    name character varying(255) NOT NULL,
    content_type_id integer NOT NULL,
    codename character varying(100) NOT NULL
);


ALTER TABLE public.auth_permission OWNER TO dbuser;

--
-- Name: auth_permission_id_seq; Type: SEQUENCE; Schema: public; Owner: dbuser
--

ALTER TABLE public.auth_permission ALTER COLUMN id ADD GENERATED BY DEFAULT AS IDENTITY (
    SEQUENCE NAME public.auth_permission_id_seq
    START WITH 1
    INCREMENT BY 1
    NO MINVALUE
    NO MAXVALUE
    CACHE 1
);


--
-- Name: courses_content; Type: TABLE; Schema: public; Owner: dbuser
--

CREATE TABLE public.courses_content (
    id bigint NOT NULL,
    name character varying(200) NOT NULL,
    object_id integer NOT NULL,
    is_active boolean,
    age smallint NOT NULL,
    content_type_id integer NOT NULL,
    module_id bigint NOT NULL,
    is_exam_writeable boolean NOT NULL,
    CONSTRAINT courses_content_object_id_check CHECK ((object_id >= 0))
);


ALTER TABLE public.courses_content OWNER TO dbuser;

--
-- Name: courses_content_id_seq; Type: SEQUENCE; Schema: public; Owner: dbuser
--

ALTER TABLE public.courses_content ALTER COLUMN id ADD GENERATED BY DEFAULT AS IDENTITY (
    SEQUENCE NAME public.courses_content_id_seq
    START WITH 1
    INCREMENT BY 1
    NO MINVALUE
    NO MAXVALUE
    CACHE 1
);


--
-- Name: courses_contentprerequisite; Type: TABLE; Schema: public; Owner: dbuser
--

CREATE TABLE public.courses_contentprerequisite (
    id bigint NOT NULL,
    content_id bigint NOT NULL,
    prerequisite_content_id bigint NOT NULL,
    course_id bigint NOT NULL
);


ALTER TABLE public.courses_contentprerequisite OWNER TO dbuser;

--
-- Name: courses_contentprerequisite_id_seq; Type: SEQUENCE; Schema: public; Owner: dbuser
--

ALTER TABLE public.courses_contentprerequisite ALTER COLUMN id ADD GENERATED BY DEFAULT AS IDENTITY (
    SEQUENCE NAME public.courses_contentprerequisite_id_seq
    START WITH 1
    INCREMENT BY 1
    NO MINVALUE
    NO MAXVALUE
    CACHE 1
);


--
-- Name: courses_course; Type: TABLE; Schema: public; Owner: dbuser
--

CREATE TABLE public.courses_course (
    id bigint NOT NULL,
    name character varying(100) NOT NULL,
    description text NOT NULL,
    price bigint NOT NULL,
    type smallint NOT NULL
);


ALTER TABLE public.courses_course OWNER TO dbuser;

--
-- Name: courses_course_id_seq; Type: SEQUENCE; Schema: public; Owner: dbuser
--

ALTER TABLE public.courses_course ALTER COLUMN id ADD GENERATED BY DEFAULT AS IDENTITY (
    SEQUENCE NAME public.courses_course_id_seq
    START WITH 1
    INCREMENT BY 1
    NO MINVALUE
    NO MAXVALUE
    CACHE 1
);


--
-- Name: courses_courseinformation; Type: TABLE; Schema: public; Owner: dbuser
--

CREATE TABLE public.courses_courseinformation (
    id bigint NOT NULL,
    title character varying(200),
    description text
);


ALTER TABLE public.courses_courseinformation OWNER TO dbuser;

--
-- Name: courses_courseinformation_id_seq; Type: SEQUENCE; Schema: public; Owner: dbuser
--

ALTER TABLE public.courses_courseinformation ALTER COLUMN id ADD GENERATED BY DEFAULT AS IDENTITY (
    SEQUENCE NAME public.courses_courseinformation_id_seq
    START WITH 1
    INCREMENT BY 1
    NO MINVALUE
    NO MAXVALUE
    CACHE 1
);


--
-- Name: courses_coursesettings; Type: TABLE; Schema: public; Owner: dbuser
--

CREATE TABLE public.courses_coursesettings (
    id bigint NOT NULL,
    title character varying(50),
    expire_day smallint NOT NULL
);


ALTER TABLE public.courses_coursesettings OWNER TO dbuser;

--
-- Name: courses_coursesettings_id_seq; Type: SEQUENCE; Schema: public; Owner: dbuser
--

ALTER TABLE public.courses_coursesettings ALTER COLUMN id ADD GENERATED BY DEFAULT AS IDENTITY (
    SEQUENCE NAME public.courses_coursesettings_id_seq
    START WITH 1
    INCREMENT BY 1
    NO MINVALUE
    NO MAXVALUE
    CACHE 1
);


--
-- Name: courses_module; Type: TABLE; Schema: public; Owner: dbuser
--

CREATE TABLE public.courses_module (
    id bigint NOT NULL,
    name character varying(200) NOT NULL,
    course_id bigint NOT NULL
);


ALTER TABLE public.courses_module OWNER TO dbuser;

--
-- Name: courses_module_id_seq; Type: SEQUENCE; Schema: public; Owner: dbuser
--

ALTER TABLE public.courses_module ALTER COLUMN id ADD GENERATED BY DEFAULT AS IDENTITY (
    SEQUENCE NAME public.courses_module_id_seq
    START WITH 1
    INCREMENT BY 1
    NO MINVALUE
    NO MAXVALUE
    CACHE 1
);


--
-- Name: courses_moduleschedule; Type: TABLE; Schema: public; Owner: dbuser
--

CREATE TABLE public.courses_moduleschedule (
    id bigint NOT NULL,
    active_at timestamp with time zone NOT NULL,
    child_id character varying(10),
    module_id bigint NOT NULL,
    user_course_id bigint NOT NULL
);


ALTER TABLE public.courses_moduleschedule OWNER TO dbuser;

--
-- Name: courses_moduleschedule_id_seq; Type: SEQUENCE; Schema: public; Owner: dbuser
--

ALTER TABLE public.courses_moduleschedule ALTER COLUMN id ADD GENERATED BY DEFAULT AS IDENTITY (
    SEQUENCE NAME public.courses_moduleschedule_id_seq
    START WITH 1
    INCREMENT BY 1
    NO MINVALUE
    NO MAXVALUE
    CACHE 1
);


--
-- Name: courses_usercourse; Type: TABLE; Schema: public; Owner: dbuser
--

CREATE TABLE public.courses_usercourse (
    id bigint NOT NULL,
    created_at timestamp with time zone NOT NULL,
    expire_at timestamp with time zone NOT NULL,
    child_id character varying(10),
    course_id bigint NOT NULL,
    user_id character varying(10) NOT NULL,
    is_active boolean NOT NULL,
    is_graduated boolean NOT NULL
);


ALTER TABLE public.courses_usercourse OWNER TO dbuser;

--
-- Name: courses_usercourse_id_seq; Type: SEQUENCE; Schema: public; Owner: dbuser
--

ALTER TABLE public.courses_usercourse ALTER COLUMN id ADD GENERATED BY DEFAULT AS IDENTITY (
    SEQUENCE NAME public.courses_usercourse_id_seq
    START WITH 1
    INCREMENT BY 1
    NO MINVALUE
    NO MAXVALUE
    CACHE 1
);


--
-- Name: courses_userdonecontent; Type: TABLE; Schema: public; Owner: dbuser
--

CREATE TABLE public.courses_userdonecontent (
    id bigint NOT NULL,
    watch_at timestamp with time zone NOT NULL,
    user_id character varying(10) NOT NULL,
    content_id bigint,
    course_id bigint,
    child_id character varying(10)
);


ALTER TABLE public.courses_userdonecontent OWNER TO dbuser;

--
-- Name: courses_userwatchcontent_id_seq; Type: SEQUENCE; Schema: public; Owner: dbuser
--

ALTER TABLE public.courses_userdonecontent ALTER COLUMN id ADD GENERATED BY DEFAULT AS IDENTITY (
    SEQUENCE NAME public.courses_userwatchcontent_id_seq
    START WITH 1
    INCREMENT BY 1
    NO MINVALUE
    NO MAXVALUE
    CACHE 1
);


--
-- Name: courses_videocontents; Type: TABLE; Schema: public; Owner: dbuser
--

CREATE TABLE public.courses_videocontents (
    id bigint NOT NULL,
    name character varying(200) NOT NULL,
    description text NOT NULL,
    url character varying(300) NOT NULL
);


ALTER TABLE public.courses_videocontents OWNER TO dbuser;

--
-- Name: courses_videocontents_id_seq; Type: SEQUENCE; Schema: public; Owner: dbuser
--

ALTER TABLE public.courses_videocontents ALTER COLUMN id ADD GENERATED BY DEFAULT AS IDENTITY (
    SEQUENCE NAME public.courses_videocontents_id_seq
    START WITH 1
    INCREMENT BY 1
    NO MINVALUE
    NO MAXVALUE
    CACHE 1
);


--
-- Name: dashboard_simplestattic; Type: TABLE; Schema: public; Owner: dbuser
--

CREATE TABLE public.dashboard_simplestattic (
    id bigint NOT NULL,
    date timestamp with time zone NOT NULL,
    views bigint NOT NULL,
    type smallint NOT NULL,
    CONSTRAINT dashboard_simplestattic_type_check CHECK ((type >= 0))
);


ALTER TABLE public.dashboard_simplestattic OWNER TO dbuser;

--
-- Name: dashboard_simplestattic_id_seq; Type: SEQUENCE; Schema: public; Owner: dbuser
--

ALTER TABLE public.dashboard_simplestattic ALTER COLUMN id ADD GENERATED BY DEFAULT AS IDENTITY (
    SEQUENCE NAME public.dashboard_simplestattic_id_seq
    START WITH 1
    INCREMENT BY 1
    NO MINVALUE
    NO MAXVALUE
    CACHE 1
);


--
-- Name: django_admin_log; Type: TABLE; Schema: public; Owner: dbuser
--

CREATE TABLE public.django_admin_log (
    id integer NOT NULL,
    action_time timestamp with time zone NOT NULL,
    object_id text,
    object_repr character varying(200) NOT NULL,
    action_flag smallint NOT NULL,
    change_message text NOT NULL,
    content_type_id integer,
    user_id character varying(10) NOT NULL,
    CONSTRAINT django_admin_log_action_flag_check CHECK ((action_flag >= 0))
);


ALTER TABLE public.django_admin_log OWNER TO dbuser;

--
-- Name: django_admin_log_id_seq; Type: SEQUENCE; Schema: public; Owner: dbuser
--

ALTER TABLE public.django_admin_log ALTER COLUMN id ADD GENERATED BY DEFAULT AS IDENTITY (
    SEQUENCE NAME public.django_admin_log_id_seq
    START WITH 1
    INCREMENT BY 1
    NO MINVALUE
    NO MAXVALUE
    CACHE 1
);


--
-- Name: django_celery_beat_clockedschedule; Type: TABLE; Schema: public; Owner: dbuser
--

CREATE TABLE public.django_celery_beat_clockedschedule (
    id integer NOT NULL,
    clocked_time timestamp with time zone NOT NULL
);


ALTER TABLE public.django_celery_beat_clockedschedule OWNER TO dbuser;

--
-- Name: django_celery_beat_clockedschedule_id_seq; Type: SEQUENCE; Schema: public; Owner: dbuser
--

ALTER TABLE public.django_celery_beat_clockedschedule ALTER COLUMN id ADD GENERATED BY DEFAULT AS IDENTITY (
    SEQUENCE NAME public.django_celery_beat_clockedschedule_id_seq
    START WITH 1
    INCREMENT BY 1
    NO MINVALUE
    NO MAXVALUE
    CACHE 1
);


--
-- Name: django_celery_beat_crontabschedule; Type: TABLE; Schema: public; Owner: dbuser
--

CREATE TABLE public.django_celery_beat_crontabschedule (
    id integer NOT NULL,
    minute character varying(240) NOT NULL,
    hour character varying(96) NOT NULL,
    day_of_week character varying(64) NOT NULL,
    day_of_month character varying(124) NOT NULL,
    month_of_year character varying(64) NOT NULL,
    timezone character varying(63) NOT NULL
);


ALTER TABLE public.django_celery_beat_crontabschedule OWNER TO dbuser;

--
-- Name: django_celery_beat_crontabschedule_id_seq; Type: SEQUENCE; Schema: public; Owner: dbuser
--

ALTER TABLE public.django_celery_beat_crontabschedule ALTER COLUMN id ADD GENERATED BY DEFAULT AS IDENTITY (
    SEQUENCE NAME public.django_celery_beat_crontabschedule_id_seq
    START WITH 1
    INCREMENT BY 1
    NO MINVALUE
    NO MAXVALUE
    CACHE 1
);


--
-- Name: django_celery_beat_intervalschedule; Type: TABLE; Schema: public; Owner: dbuser
--

CREATE TABLE public.django_celery_beat_intervalschedule (
    id integer NOT NULL,
    every integer NOT NULL,
    period character varying(24) NOT NULL
);


ALTER TABLE public.django_celery_beat_intervalschedule OWNER TO dbuser;

--
-- Name: django_celery_beat_intervalschedule_id_seq; Type: SEQUENCE; Schema: public; Owner: dbuser
--

ALTER TABLE public.django_celery_beat_intervalschedule ALTER COLUMN id ADD GENERATED BY DEFAULT AS IDENTITY (
    SEQUENCE NAME public.django_celery_beat_intervalschedule_id_seq
    START WITH 1
    INCREMENT BY 1
    NO MINVALUE
    NO MAXVALUE
    CACHE 1
);


--
-- Name: django_celery_beat_periodictask; Type: TABLE; Schema: public; Owner: dbuser
--

CREATE TABLE public.django_celery_beat_periodictask (
    id integer NOT NULL,
    name character varying(200) NOT NULL,
    task character varying(200) NOT NULL,
    args text NOT NULL,
    kwargs text NOT NULL,
    queue character varying(200),
    exchange character varying(200),
    routing_key character varying(200),
    expires timestamp with time zone,
    enabled boolean NOT NULL,
    last_run_at timestamp with time zone,
    total_run_count integer NOT NULL,
    date_changed timestamp with time zone NOT NULL,
    description text NOT NULL,
    crontab_id integer,
    interval_id integer,
    solar_id integer,
    one_off boolean NOT NULL,
    start_time timestamp with time zone,
    priority integer,
    headers text NOT NULL,
    clocked_id integer,
    expire_seconds integer,
    CONSTRAINT django_celery_beat_periodictask_expire_seconds_check CHECK ((expire_seconds >= 0)),
    CONSTRAINT django_celery_beat_periodictask_priority_check CHECK ((priority >= 0)),
    CONSTRAINT django_celery_beat_periodictask_total_run_count_check CHECK ((total_run_count >= 0))
);


ALTER TABLE public.django_celery_beat_periodictask OWNER TO dbuser;

--
-- Name: django_celery_beat_periodictask_id_seq; Type: SEQUENCE; Schema: public; Owner: dbuser
--

ALTER TABLE public.django_celery_beat_periodictask ALTER COLUMN id ADD GENERATED BY DEFAULT AS IDENTITY (
    SEQUENCE NAME public.django_celery_beat_periodictask_id_seq
    START WITH 1
    INCREMENT BY 1
    NO MINVALUE
    NO MAXVALUE
    CACHE 1
);


--
-- Name: django_celery_beat_periodictasks; Type: TABLE; Schema: public; Owner: dbuser
--

CREATE TABLE public.django_celery_beat_periodictasks (
    ident smallint NOT NULL,
    last_update timestamp with time zone NOT NULL
);


ALTER TABLE public.django_celery_beat_periodictasks OWNER TO dbuser;

--
-- Name: django_celery_beat_solarschedule; Type: TABLE; Schema: public; Owner: dbuser
--

CREATE TABLE public.django_celery_beat_solarschedule (
    id integer NOT NULL,
    event character varying(24) NOT NULL,
    latitude numeric(9,6) NOT NULL,
    longitude numeric(9,6) NOT NULL
);


ALTER TABLE public.django_celery_beat_solarschedule OWNER TO dbuser;

--
-- Name: django_celery_beat_solarschedule_id_seq; Type: SEQUENCE; Schema: public; Owner: dbuser
--

ALTER TABLE public.django_celery_beat_solarschedule ALTER COLUMN id ADD GENERATED BY DEFAULT AS IDENTITY (
    SEQUENCE NAME public.django_celery_beat_solarschedule_id_seq
    START WITH 1
    INCREMENT BY 1
    NO MINVALUE
    NO MAXVALUE
    CACHE 1
);


--
-- Name: django_content_type; Type: TABLE; Schema: public; Owner: dbuser
--

CREATE TABLE public.django_content_type (
    id integer NOT NULL,
    app_label character varying(100) NOT NULL,
    model character varying(100) NOT NULL
);


ALTER TABLE public.django_content_type OWNER TO dbuser;

--
-- Name: django_content_type_id_seq; Type: SEQUENCE; Schema: public; Owner: dbuser
--

ALTER TABLE public.django_content_type ALTER COLUMN id ADD GENERATED BY DEFAULT AS IDENTITY (
    SEQUENCE NAME public.django_content_type_id_seq
    START WITH 1
    INCREMENT BY 1
    NO MINVALUE
    NO MAXVALUE
    CACHE 1
);


--
-- Name: django_migrations; Type: TABLE; Schema: public; Owner: dbuser
--

CREATE TABLE public.django_migrations (
    id bigint NOT NULL,
    app character varying(255) NOT NULL,
    name character varying(255) NOT NULL,
    applied timestamp with time zone NOT NULL
);


ALTER TABLE public.django_migrations OWNER TO dbuser;

--
-- Name: django_migrations_id_seq; Type: SEQUENCE; Schema: public; Owner: dbuser
--

ALTER TABLE public.django_migrations ALTER COLUMN id ADD GENERATED BY DEFAULT AS IDENTITY (
    SEQUENCE NAME public.django_migrations_id_seq
    START WITH 1
    INCREMENT BY 1
    NO MINVALUE
    NO MAXVALUE
    CACHE 1
);


--
-- Name: django_session; Type: TABLE; Schema: public; Owner: dbuser
--

CREATE TABLE public.django_session (
    session_key character varying(40) NOT NULL,
    session_data text NOT NULL,
    expire_date timestamp with time zone NOT NULL
);


ALTER TABLE public.django_session OWNER TO dbuser;

--
-- Name: exam_answerquestion; Type: TABLE; Schema: public; Owner: dbuser
--

CREATE TABLE public.exam_answerquestion (
    id bigint NOT NULL,
    answer smallint NOT NULL,
    question_id bigint NOT NULL,
    user_id character varying(10) NOT NULL,
    exam_id bigint,
    child_id character varying(10)
);


ALTER TABLE public.exam_answerquestion OWNER TO dbuser;

--
-- Name: exam_answerquestion_id_seq; Type: SEQUENCE; Schema: public; Owner: dbuser
--

ALTER TABLE public.exam_answerquestion ALTER COLUMN id ADD GENERATED BY DEFAULT AS IDENTITY (
    SEQUENCE NAME public.exam_answerquestion_id_seq
    START WITH 1
    INCREMENT BY 1
    NO MINVALUE
    NO MAXVALUE
    CACHE 1
);


--
-- Name: exam_evaluation; Type: TABLE; Schema: public; Owner: dbuser
--

CREATE TABLE public.exam_evaluation (
    id bigint NOT NULL,
    grade double precision NOT NULL,
    exam_id bigint NOT NULL,
    user_id character varying(10) NOT NULL,
    child_id character varying(10) NOT NULL,
    talent smallint NOT NULL
);


ALTER TABLE public.exam_evaluation OWNER TO dbuser;

--
-- Name: exam_evaluation_id_seq; Type: SEQUENCE; Schema: public; Owner: dbuser
--

ALTER TABLE public.exam_evaluation ALTER COLUMN id ADD GENERATED BY DEFAULT AS IDENTITY (
    SEQUENCE NAME public.exam_evaluation_id_seq
    START WITH 1
    INCREMENT BY 1
    NO MINVALUE
    NO MAXVALUE
    CACHE 1
);


--
-- Name: exam_exam; Type: TABLE; Schema: public; Owner: dbuser
--

CREATE TABLE public.exam_exam (
    id bigint NOT NULL,
    name character varying(200) NOT NULL,
    type smallint NOT NULL,
    is_last boolean NOT NULL
);


ALTER TABLE public.exam_exam OWNER TO dbuser;

--
-- Name: exam_exam_id_seq; Type: SEQUENCE; Schema: public; Owner: dbuser
--

ALTER TABLE public.exam_exam ALTER COLUMN id ADD GENERATED BY DEFAULT AS IDENTITY (
    SEQUENCE NAME public.exam_exam_id_seq
    START WITH 1
    INCREMENT BY 1
    NO MINVALUE
    NO MAXVALUE
    CACHE 1
);


--
-- Name: exam_examdone; Type: TABLE; Schema: public; Owner: dbuser
--

CREATE TABLE public.exam_examdone (
    id bigint NOT NULL,
    created_at timestamp with time zone NOT NULL,
    child_id character varying(10) NOT NULL,
    user_id character varying(10) NOT NULL,
    exam_id bigint NOT NULL
);


ALTER TABLE public.exam_examdone OWNER TO dbuser;

--
-- Name: exam_examdone_id_seq; Type: SEQUENCE; Schema: public; Owner: dbuser
--

ALTER TABLE public.exam_examdone ALTER COLUMN id ADD GENERATED BY DEFAULT AS IDENTITY (
    SEQUENCE NAME public.exam_examdone_id_seq
    START WITH 1
    INCREMENT BY 1
    NO MINVALUE
    NO MAXVALUE
    CACHE 1
);


--
-- Name: exam_question; Type: TABLE; Schema: public; Owner: dbuser
--

CREATE TABLE public.exam_question (
    id bigint NOT NULL,
    question character varying(400) NOT NULL,
    exam_id bigint NOT NULL,
    type smallint NOT NULL
);


ALTER TABLE public.exam_question OWNER TO dbuser;

--
-- Name: exam_question_id_seq; Type: SEQUENCE; Schema: public; Owner: dbuser
--

ALTER TABLE public.exam_question ALTER COLUMN id ADD GENERATED BY DEFAULT AS IDENTITY (
    SEQUENCE NAME public.exam_question_id_seq
    START WITH 1
    INCREMENT BY 1
    NO MINVALUE
    NO MAXVALUE
    CACHE 1
);


--
-- Name: orders_order; Type: TABLE; Schema: public; Owner: dbuser
--

CREATE TABLE public.orders_order (
    id bigint NOT NULL,
    paid boolean NOT NULL,
    created timestamp with time zone NOT NULL,
    user_id character varying(10) NOT NULL
);


ALTER TABLE public.orders_order OWNER TO dbuser;

--
-- Name: orders_order_id_seq; Type: SEQUENCE; Schema: public; Owner: dbuser
--

ALTER TABLE public.orders_order ALTER COLUMN id ADD GENERATED BY DEFAULT AS IDENTITY (
    SEQUENCE NAME public.orders_order_id_seq
    START WITH 1
    INCREMENT BY 1
    NO MINVALUE
    NO MAXVALUE
    CACHE 1
);


--
-- Name: orders_orderitems; Type: TABLE; Schema: public; Owner: dbuser
--

CREATE TABLE public.orders_orderitems (
    id bigint NOT NULL,
    quantity smallint NOT NULL,
    price bigint NOT NULL,
    created timestamp with time zone NOT NULL,
    child_id character varying(10) NOT NULL,
    course_id bigint NOT NULL,
    order_id bigint NOT NULL,
    CONSTRAINT orders_orderitems_quantity_check CHECK ((quantity >= 0))
);


ALTER TABLE public.orders_orderitems OWNER TO dbuser;

--
-- Name: orders_orderitems_id_seq; Type: SEQUENCE; Schema: public; Owner: dbuser
--

ALTER TABLE public.orders_orderitems ALTER COLUMN id ADD GENERATED BY DEFAULT AS IDENTITY (
    SEQUENCE NAME public.orders_orderitems_id_seq
    START WITH 1
    INCREMENT BY 1
    NO MINVALUE
    NO MAXVALUE
    CACHE 1
);


--
-- Name: token_blacklist_blacklistedtoken; Type: TABLE; Schema: public; Owner: dbuser
--

CREATE TABLE public.token_blacklist_blacklistedtoken (
    id bigint NOT NULL,
    blacklisted_at timestamp with time zone NOT NULL,
    token_id bigint NOT NULL
);


ALTER TABLE public.token_blacklist_blacklistedtoken OWNER TO dbuser;

--
-- Name: token_blacklist_blacklistedtoken_id_seq; Type: SEQUENCE; Schema: public; Owner: dbuser
--

ALTER TABLE public.token_blacklist_blacklistedtoken ALTER COLUMN id ADD GENERATED BY DEFAULT AS IDENTITY (
    SEQUENCE NAME public.token_blacklist_blacklistedtoken_id_seq
    START WITH 1
    INCREMENT BY 1
    NO MINVALUE
    NO MAXVALUE
    CACHE 1
);


--
-- Name: token_blacklist_outstandingtoken; Type: TABLE; Schema: public; Owner: dbuser
--

CREATE TABLE public.token_blacklist_outstandingtoken (
    id bigint NOT NULL,
    token text NOT NULL,
    created_at timestamp with time zone,
    expires_at timestamp with time zone NOT NULL,
    user_id character varying(10),
    jti character varying(255) NOT NULL
);


ALTER TABLE public.token_blacklist_outstandingtoken OWNER TO dbuser;

--
-- Name: token_blacklist_outstandingtoken_id_seq; Type: SEQUENCE; Schema: public; Owner: dbuser
--

ALTER TABLE public.token_blacklist_outstandingtoken ALTER COLUMN id ADD GENERATED BY DEFAULT AS IDENTITY (
    SEQUENCE NAME public.token_blacklist_outstandingtoken_id_seq
    START WITH 1
    INCREMENT BY 1
    NO MINVALUE
    NO MAXVALUE
    CACHE 1
);


--
-- Data for Name: accounts_childuser; Type: TABLE DATA; Schema: public; Owner: dbuser
--

COPY public.accounts_childuser (first_name, last_name, national_code, birth_date, grade, school_address, type, parent_id, which_child) FROM stdin;
\.


--
-- Data for Name: accounts_otpcode; Type: TABLE DATA; Schema: public; Owner: dbuser
--

COPY public.accounts_otpcode (id, phone_number, code, created_time, expire_at) FROM stdin;
\.


--
-- Data for Name: accounts_user; Type: TABLE DATA; Schema: public; Owner: dbuser
--

COPY public.accounts_user (password, last_login, first_name, last_name, national_code, phone_number, type, is_admin, is_active, phone_active, is_super_admin) FROM stdin;
pbkdf2_sha256$600000$niB4y5uKwT3Kl0FtX5dAg6$R6o+tLVv3Eu8cQWUpEa28cFC8GQMwH3IaFKO4RO/RDA=	2024-03-29 14:33:51.507365+00	admin	admin	0000	0000	\N	t	t	f	f
\.


--
-- Data for Name: accounts_userprofile; Type: TABLE DATA; Schema: public; Owner: dbuser
--

COPY public.accounts_userprofile (id, father_name, birth_date, education, field_study, telephone, address, "Regional_Municipality", job, office_address, boys, girls, postal_code, user_id, husband_id, registered_at) FROM stdin;
\.


--
-- Data for Name: auth_group; Type: TABLE DATA; Schema: public; Owner: dbuser
--

COPY public.auth_group (id, name) FROM stdin;
\.


--
-- Data for Name: auth_group_permissions; Type: TABLE DATA; Schema: public; Owner: dbuser
--

COPY public.auth_group_permissions (id, group_id, permission_id) FROM stdin;
\.


--
-- Data for Name: auth_permission; Type: TABLE DATA; Schema: public; Owner: dbuser
--

COPY public.auth_permission (id, name, content_type_id, codename) FROM stdin;
1	Can add log entry	1	add_logentry
2	Can change log entry	1	change_logentry
3	Can delete log entry	1	delete_logentry
4	Can view log entry	1	view_logentry
5	Can add permission	2	add_permission
6	Can change permission	2	change_permission
7	Can delete permission	2	delete_permission
8	Can view permission	2	view_permission
9	Can add group	3	add_group
10	Can change group	3	change_group
11	Can delete group	3	delete_group
12	Can view group	3	view_group
13	Can add content type	4	add_contenttype
14	Can change content type	4	change_contenttype
15	Can delete content type	4	delete_contenttype
16	Can view content type	4	view_contenttype
17	Can add session	5	add_session
18	Can change session	5	change_session
19	Can delete session	5	delete_session
20	Can view session	5	view_session
21	Can add exam	6	add_exam
22	Can change exam	6	change_exam
23	Can delete exam	6	delete_exam
24	Can view exam	6	view_exam
25	Can add question	7	add_question
26	Can change question	7	change_question
27	Can delete question	7	delete_question
28	Can view question	7	view_question
29	Can add evaluation	8	add_evaluation
30	Can change evaluation	8	change_evaluation
31	Can delete evaluation	8	delete_evaluation
32	Can view evaluation	8	view_evaluation
33	Can add answer question	9	add_answerquestion
34	Can change answer question	9	change_answerquestion
35	Can delete answer question	9	delete_answerquestion
36	Can view answer question	9	view_answerquestion
37	Can add exam done	10	add_examdone
38	Can change exam done	10	change_examdone
39	Can delete exam done	10	delete_examdone
40	Can view exam done	10	view_examdone
41	Can add course	11	add_course
42	Can change course	11	change_course
43	Can delete course	11	delete_course
44	Can view course	11	view_course
45	Can add module	12	add_module
46	Can change module	12	change_module
47	Can delete module	12	delete_module
48	Can view module	12	view_module
49	Can add user course	13	add_usercourse
50	Can change user course	13	change_usercourse
51	Can delete user course	13	delete_usercourse
52	Can view user course	13	view_usercourse
53	Can add module schedule	14	add_moduleschedule
54	Can change module schedule	14	change_moduleschedule
55	Can delete module schedule	14	delete_moduleschedule
56	Can view module schedule	14	view_moduleschedule
57	Can add content	15	add_content
58	Can change content	15	change_content
59	Can delete content	15	delete_content
60	Can view content	15	view_content
61	Can add video content	16	add_videocontents
62	Can change video content	16	change_videocontents
63	Can delete video content	16	delete_videocontents
64	Can view video content	16	view_videocontents
65	Can add course information	17	add_courseinformation
66	Can change course information	17	change_courseinformation
67	Can delete course information	17	delete_courseinformation
68	Can view course information	17	view_courseinformation
69	Can add user done content	18	add_userdonecontent
70	Can change user done content	18	change_userdonecontent
71	Can delete user done content	18	delete_userdonecontent
72	Can view user done content	18	view_userdonecontent
73	Can add content prerequisite	19	add_contentprerequisite
74	Can change content prerequisite	19	change_contentprerequisite
75	Can delete content prerequisite	19	delete_contentprerequisite
76	Can view content prerequisite	19	view_contentprerequisite
77	Can add course settings	20	add_coursesettings
78	Can change course settings	20	change_coursesettings
79	Can delete course settings	20	delete_coursesettings
80	Can view course settings	20	view_coursesettings
81	Can add user	21	add_user
82	Can change user	21	change_user
83	Can delete user	21	delete_user
84	Can view user	21	view_user
85	Can add otp code	22	add_otpcode
86	Can change otp code	22	change_otpcode
87	Can delete otp code	22	delete_otpcode
88	Can view otp code	22	view_otpcode
89	Can add child user	23	add_childuser
90	Can change child user	23	change_childuser
91	Can delete child user	23	delete_childuser
92	Can view child user	23	view_childuser
93	Can add user profile	24	add_userprofile
94	Can change user profile	24	change_userprofile
95	Can delete user profile	24	delete_userprofile
96	Can view user profile	24	view_userprofile
97	Can add simple stattic	25	add_simplestattic
98	Can change simple stattic	25	change_simplestattic
99	Can delete simple stattic	25	delete_simplestattic
100	Can view simple stattic	25	view_simplestattic
101	Can add order	26	add_order
102	Can change order	26	change_order
103	Can delete order	26	delete_order
104	Can view order	26	view_order
105	Can add order items	27	add_orderitems
106	Can change order items	27	change_orderitems
107	Can delete order items	27	delete_orderitems
108	Can view order items	27	view_orderitems
109	Can add crontab	28	add_crontabschedule
110	Can change crontab	28	change_crontabschedule
111	Can delete crontab	28	delete_crontabschedule
112	Can view crontab	28	view_crontabschedule
113	Can add interval	29	add_intervalschedule
114	Can change interval	29	change_intervalschedule
115	Can delete interval	29	delete_intervalschedule
116	Can view interval	29	view_intervalschedule
117	Can add periodic task	30	add_periodictask
118	Can change periodic task	30	change_periodictask
119	Can delete periodic task	30	delete_periodictask
120	Can view periodic task	30	view_periodictask
121	Can add periodic tasks	31	add_periodictasks
122	Can change periodic tasks	31	change_periodictasks
123	Can delete periodic tasks	31	delete_periodictasks
124	Can view periodic tasks	31	view_periodictasks
125	Can add solar event	32	add_solarschedule
126	Can change solar event	32	change_solarschedule
127	Can delete solar event	32	delete_solarschedule
128	Can view solar event	32	view_solarschedule
129	Can add clocked	33	add_clockedschedule
130	Can change clocked	33	change_clockedschedule
131	Can delete clocked	33	delete_clockedschedule
132	Can view clocked	33	view_clockedschedule
133	Can add blacklisted token	34	add_blacklistedtoken
134	Can change blacklisted token	34	change_blacklistedtoken
135	Can delete blacklisted token	34	delete_blacklistedtoken
136	Can view blacklisted token	34	view_blacklistedtoken
137	Can add outstanding token	35	add_outstandingtoken
138	Can change outstanding token	35	change_outstandingtoken
139	Can delete outstanding token	35	delete_outstandingtoken
140	Can view outstanding token	35	view_outstandingtoken
\.


--
-- Data for Name: courses_content; Type: TABLE DATA; Schema: public; Owner: dbuser
--

COPY public.courses_content (id, name, object_id, is_active, age, content_type_id, module_id, is_exam_writeable) FROM stdin;
\.


--
-- Data for Name: courses_contentprerequisite; Type: TABLE DATA; Schema: public; Owner: dbuser
--

COPY public.courses_contentprerequisite (id, content_id, prerequisite_content_id, course_id) FROM stdin;
\.


--
-- Data for Name: courses_course; Type: TABLE DATA; Schema: public; Owner: dbuser
--

COPY public.courses_course (id, name, description, price, type) FROM stdin;
\.


--
-- Data for Name: courses_courseinformation; Type: TABLE DATA; Schema: public; Owner: dbuser
--

COPY public.courses_courseinformation (id, title, description) FROM stdin;
\.


--
-- Data for Name: courses_coursesettings; Type: TABLE DATA; Schema: public; Owner: dbuser
--

COPY public.courses_coursesettings (id, title, expire_day) FROM stdin;
\.


--
-- Data for Name: courses_module; Type: TABLE DATA; Schema: public; Owner: dbuser
--

COPY public.courses_module (id, name, course_id) FROM stdin;
\.


--
-- Data for Name: courses_moduleschedule; Type: TABLE DATA; Schema: public; Owner: dbuser
--

COPY public.courses_moduleschedule (id, active_at, child_id, module_id, user_course_id) FROM stdin;
\.


--
-- Data for Name: courses_usercourse; Type: TABLE DATA; Schema: public; Owner: dbuser
--

COPY public.courses_usercourse (id, created_at, expire_at, child_id, course_id, user_id, is_active, is_graduated) FROM stdin;
\.


--
-- Data for Name: courses_userdonecontent; Type: TABLE DATA; Schema: public; Owner: dbuser
--

COPY public.courses_userdonecontent (id, watch_at, user_id, content_id, course_id, child_id) FROM stdin;
\.


--
-- Data for Name: courses_videocontents; Type: TABLE DATA; Schema: public; Owner: dbuser
--

COPY public.courses_videocontents (id, name, description, url) FROM stdin;
\.


--
-- Data for Name: dashboard_simplestattic; Type: TABLE DATA; Schema: public; Owner: dbuser
--

COPY public.dashboard_simplestattic (id, date, views, type) FROM stdin;
\.


--
-- Data for Name: django_admin_log; Type: TABLE DATA; Schema: public; Owner: dbuser
--

COPY public.django_admin_log (id, action_time, object_id, object_repr, action_flag, change_message, content_type_id, user_id) FROM stdin;
1	2024-03-29 15:19:49.379702+00	1	تست بکاپ	1	[{"added": {}}, {"added": {"name": "question", "object": "\\u0633\\u0648\\u0627\\u0644 \\u0627\\u0648\\u0644 \\u0632\\u0628\\u0627\\u0646\\u06cc"}}, {"added": {"name": "question", "object": "\\u0633\\u0648\\u0627\\u0644 \\u062f\\u0648\\u0645 \\u0632\\u0628\\u0627\\u0646\\u06cc"}}, {"added": {"name": "question", "object": "\\u0633\\u0648\\u0627\\u0644 \\u0633\\u0648\\u0645 \\u0632\\u0628\\u0627\\u0646\\u06cc"}}]	6	0000
\.


--
-- Data for Name: django_celery_beat_clockedschedule; Type: TABLE DATA; Schema: public; Owner: dbuser
--

COPY public.django_celery_beat_clockedschedule (id, clocked_time) FROM stdin;
\.


--
-- Data for Name: django_celery_beat_crontabschedule; Type: TABLE DATA; Schema: public; Owner: dbuser
--

COPY public.django_celery_beat_crontabschedule (id, minute, hour, day_of_week, day_of_month, month_of_year, timezone) FROM stdin;
1	0	4	*	*	*	Asia/Tehran
2	0	3	*	*	*	Asia/Tehran
3	30	2	*	*	*	Asia/Tehran
4	40	2	*	*	*	Asia/Tehran
5	50	2	*	*	*	Asia/Tehran
\.


--
-- Data for Name: django_celery_beat_intervalschedule; Type: TABLE DATA; Schema: public; Owner: dbuser
--

COPY public.django_celery_beat_intervalschedule (id, every, period) FROM stdin;
\.


--
-- Data for Name: django_celery_beat_periodictask; Type: TABLE DATA; Schema: public; Owner: dbuser
--

COPY public.django_celery_beat_periodictask (id, name, task, args, kwargs, queue, exchange, routing_key, expires, enabled, last_run_at, total_run_count, date_changed, description, crontab_id, interval_id, solar_id, one_off, start_time, priority, headers, clocked_id, expire_seconds) FROM stdin;
1	celery.backend_cleanup	celery.backend_cleanup	[]	{}	\N	\N	\N	\N	t	\N	0	2024-03-29 15:16:52.93151+00		1	\N	\N	f	\N	\N	{}	\N	43200
2	flush-expire-tokens-database	accounts.tasks.flush_expired_token	[]	{}	\N	\N	\N	\N	t	\N	0	2024-03-29 15:16:52.952522+00		2	\N	\N	f	\N	\N	{}	\N	\N
3	count-all-site-views	dashboard.tasks.count_website_views	[]	{}	\N	\N	\N	\N	t	\N	0	2024-03-29 15:16:52.965489+00		3	\N	\N	f	\N	\N	{}	\N	\N
4	count-all-registered-courses	dashboard.tasks.count_all_registered_courses	[]	{}	\N	\N	\N	\N	t	\N	0	2024-03-29 15:16:52.976358+00		4	\N	\N	f	\N	\N	{}	\N	\N
5	count-all-registered-users	dashboard.tasks.count_users	[]	{}	\N	\N	\N	\N	t	\N	0	2024-03-29 15:16:52.988351+00		5	\N	\N	f	\N	\N	{}	\N	\N
\.


--
-- Data for Name: django_celery_beat_periodictasks; Type: TABLE DATA; Schema: public; Owner: dbuser
--

COPY public.django_celery_beat_periodictasks (ident, last_update) FROM stdin;
1	2024-03-29 15:16:52.988975+00
\.


--
-- Data for Name: django_celery_beat_solarschedule; Type: TABLE DATA; Schema: public; Owner: dbuser
--

COPY public.django_celery_beat_solarschedule (id, event, latitude, longitude) FROM stdin;
\.


--
-- Data for Name: django_content_type; Type: TABLE DATA; Schema: public; Owner: dbuser
--

COPY public.django_content_type (id, app_label, model) FROM stdin;
1	admin	logentry
2	auth	permission
3	auth	group
4	contenttypes	contenttype
5	sessions	session
6	exam	exam
7	exam	question
8	exam	evaluation
9	exam	answerquestion
10	exam	examdone
11	courses	course
12	courses	module
13	courses	usercourse
14	courses	moduleschedule
15	courses	content
16	courses	videocontents
17	courses	courseinformation
18	courses	userdonecontent
19	courses	contentprerequisite
20	courses	coursesettings
21	accounts	user
22	accounts	otpcode
23	accounts	childuser
24	accounts	userprofile
25	dashboard	simplestattic
26	orders	order
27	orders	orderitems
28	django_celery_beat	crontabschedule
29	django_celery_beat	intervalschedule
30	django_celery_beat	periodictask
31	django_celery_beat	periodictasks
32	django_celery_beat	solarschedule
33	django_celery_beat	clockedschedule
34	token_blacklist	blacklistedtoken
35	token_blacklist	outstandingtoken
\.


--
-- Data for Name: django_migrations; Type: TABLE DATA; Schema: public; Owner: dbuser
--

COPY public.django_migrations (id, app, name, applied) FROM stdin;
1	accounts	0001_initial	2024-03-29 14:32:46.960239+00
2	accounts	0002_alter_user_type	2024-03-29 14:32:46.965994+00
3	accounts	0003_alter_user_type	2024-03-29 14:32:46.9712+00
4	accounts	0004_remove_user_regional_municipality_and_more	2024-03-29 14:32:47.030896+00
5	accounts	0005_remove_userprofile_is_admin_user_is_admin	2024-03-29 14:32:47.039313+00
6	accounts	0006_remove_userprofile_is_active_and_more	2024-03-29 14:32:47.056018+00
7	accounts	0007_userprofile_husband	2024-03-29 14:32:47.069986+00
8	accounts	0008_alter_user_type_alter_userprofile_husband	2024-03-29 14:32:47.079656+00
9	accounts	0009_userprofile_registered_at	2024-03-29 14:32:47.087591+00
10	accounts	0010_user_is_super_admin	2024-03-29 14:32:47.098046+00
11	accounts	0011_alter_user_type	2024-03-29 14:32:47.104882+00
12	accounts	0012_childuser_which_child	2024-03-29 14:32:47.115633+00
13	accounts	0013_alter_childuser_national_code	2024-03-29 14:32:47.134574+00
14	contenttypes	0001_initial	2024-03-29 14:32:47.148956+00
15	admin	0001_initial	2024-03-29 14:32:47.18115+00
16	admin	0002_logentry_remove_auto_add	2024-03-29 14:32:47.188947+00
17	admin	0003_logentry_add_action_flag_choices	2024-03-29 14:32:47.197571+00
18	contenttypes	0002_remove_content_type_name	2024-03-29 14:32:47.21185+00
19	auth	0001_initial	2024-03-29 14:32:47.278923+00
20	auth	0002_alter_permission_name_max_length	2024-03-29 14:32:47.293094+00
21	auth	0003_alter_user_email_max_length	2024-03-29 14:32:47.30181+00
22	auth	0004_alter_user_username_opts	2024-03-29 14:32:47.310493+00
23	auth	0005_alter_user_last_login_null	2024-03-29 14:32:47.320287+00
24	auth	0006_require_contenttypes_0002	2024-03-29 14:32:47.323493+00
25	auth	0007_alter_validators_add_error_messages	2024-03-29 14:32:47.332537+00
26	auth	0008_alter_user_username_max_length	2024-03-29 14:32:47.342191+00
27	auth	0009_alter_user_last_name_max_length	2024-03-29 14:32:47.35002+00
28	auth	0010_alter_group_name_max_length	2024-03-29 14:32:47.363472+00
29	auth	0011_update_proxy_permissions	2024-03-29 14:32:47.376808+00
30	auth	0012_alter_user_first_name_max_length	2024-03-29 14:32:47.384137+00
31	courses	0001_initial	2024-03-29 14:32:47.501186+00
32	courses	0002_content_is_done	2024-03-29 14:32:47.567493+00
33	courses	0003_videocontents	2024-03-29 14:32:47.579429+00
34	courses	0004_alter_videocontents_options	2024-03-29 14:32:47.584062+00
35	courses	0005_usercourse_is_active	2024-03-29 14:32:47.594435+00
36	courses	0006_alter_usercourse_course	2024-03-29 14:32:47.612614+00
37	courses	0007_courseinformation	2024-03-29 14:32:47.623424+00
38	courses	0008_content_is_exam_writeable	2024-03-29 14:32:47.632015+00
39	courses	0009_userwatchcontent	2024-03-29 14:32:47.661447+00
40	courses	0010_remove_userwatchcontent_content_type_and_more	2024-03-29 14:32:47.702569+00
41	courses	0011_rename_userwatchcontent_userdonecontent	2024-03-29 14:32:47.73677+00
42	courses	0012_usercourse_is_graduated	2024-03-29 14:32:47.748049+00
43	courses	0013_userdonecontent_course	2024-03-29 14:32:47.767335+00
44	courses	0014_contentprerequisite	2024-03-29 14:32:47.79793+00
45	courses	0015_remove_content_is_done_and_more	2024-03-29 14:32:47.87642+00
46	courses	0016_contentprerequisite_course	2024-03-29 14:32:47.895864+00
47	courses	0017_alter_contentprerequisite_content_and_more	2024-03-29 14:32:47.949039+00
48	courses	0018_userdonecontent_child	2024-03-29 14:32:47.973973+00
49	courses	0019_coursesettings	2024-03-29 14:32:47.981574+00
50	dashboard	0001_initial	2024-03-29 14:32:47.989036+00
51	django_celery_beat	0001_initial	2024-03-29 14:32:48.031405+00
52	django_celery_beat	0002_auto_20161118_0346	2024-03-29 14:32:48.047984+00
53	django_celery_beat	0003_auto_20161209_0049	2024-03-29 14:32:48.059602+00
54	django_celery_beat	0004_auto_20170221_0000	2024-03-29 14:32:48.066345+00
55	django_celery_beat	0005_add_solarschedule_events_choices	2024-03-29 14:32:48.072078+00
56	django_celery_beat	0006_auto_20180322_0932	2024-03-29 14:32:48.099237+00
57	django_celery_beat	0007_auto_20180521_0826	2024-03-29 14:32:48.115053+00
58	django_celery_beat	0008_auto_20180914_1922	2024-03-29 14:32:48.142859+00
59	django_celery_beat	0006_auto_20180210_1226	2024-03-29 14:32:48.157541+00
60	django_celery_beat	0006_periodictask_priority	2024-03-29 14:32:48.166358+00
61	django_celery_beat	0009_periodictask_headers	2024-03-29 14:32:48.174992+00
62	django_celery_beat	0010_auto_20190429_0326	2024-03-29 14:32:48.322159+00
63	django_celery_beat	0011_auto_20190508_0153	2024-03-29 14:32:48.340545+00
64	django_celery_beat	0012_periodictask_expire_seconds	2024-03-29 14:32:48.349611+00
65	django_celery_beat	0013_auto_20200609_0727	2024-03-29 14:32:48.362777+00
66	django_celery_beat	0014_remove_clockedschedule_enabled	2024-03-29 14:32:48.368825+00
67	django_celery_beat	0015_edit_solarschedule_events_choices	2024-03-29 14:32:48.374735+00
68	django_celery_beat	0016_alter_crontabschedule_timezone	2024-03-29 14:32:48.383277+00
69	django_celery_beat	0017_alter_crontabschedule_month_of_year	2024-03-29 14:32:48.390058+00
70	django_celery_beat	0018_improve_crontab_helptext	2024-03-29 14:32:48.397203+00
71	exam	0001_initial	2024-03-29 14:32:48.493248+00
72	exam	0002_examdone_rename_subject_exam_name_remove_exam_sluge_and_more	2024-03-29 14:32:48.706257+00
73	exam	0003_examdone_exam	2024-03-29 14:32:48.728603+00
74	exam	0004_answerquestion_child	2024-03-29 14:32:48.755709+00
75	orders	0001_initial	2024-03-29 14:32:48.821063+00
76	sessions	0001_initial	2024-03-29 14:32:48.837611+00
77	token_blacklist	0001_initial	2024-03-29 14:32:48.89948+00
78	token_blacklist	0002_outstandingtoken_jti_hex	2024-03-29 14:32:48.91194+00
79	token_blacklist	0003_auto_20171017_2007	2024-03-29 14:32:48.941937+00
80	token_blacklist	0004_auto_20171017_2013	2024-03-29 14:32:48.962151+00
81	token_blacklist	0005_remove_outstandingtoken_jti	2024-03-29 14:32:48.976434+00
82	token_blacklist	0006_auto_20171017_2113	2024-03-29 14:32:48.990745+00
83	token_blacklist	0007_auto_20171017_2214	2024-03-29 14:32:49.039819+00
84	token_blacklist	0008_migrate_to_bigautofield	2024-03-29 14:32:49.110834+00
85	token_blacklist	0010_fix_migrate_to_bigautofield	2024-03-29 14:32:49.136753+00
86	token_blacklist	0011_linearizes_history	2024-03-29 14:32:49.139821+00
87	token_blacklist	0012_alter_outstandingtoken_user	2024-03-29 14:32:49.161862+00
\.


--
-- Data for Name: django_session; Type: TABLE DATA; Schema: public; Owner: dbuser
--

COPY public.django_session (session_key, session_data, expire_date) FROM stdin;
o665d8ejscye19it4kbdwmpn6ft17cbh	.eJxVjMEOwiAQRP-FsyFAWgSP3v0GssvuStVAUtqT8d9tkx50jvPezFslWJeS1s5zmkhdlNmiTr81Qn5y3Rk9oN6bzq0u84R6V_RBu7414tf1cP8OCvSyrVG8CAQ2HCmgF-MGF4hjoOw5nj06EUcj5oGdG_IoCNZaz0ECsAGjPl-Ezzm7:1rqDIl:4GS4VENxzkDURzUNq8R-vOnDmdoBVIcVFBr7SZRC8Qg	2024-04-12 14:33:51.510457+00
\.


--
-- Data for Name: exam_answerquestion; Type: TABLE DATA; Schema: public; Owner: dbuser
--

COPY public.exam_answerquestion (id, answer, question_id, user_id, exam_id, child_id) FROM stdin;
\.


--
-- Data for Name: exam_evaluation; Type: TABLE DATA; Schema: public; Owner: dbuser
--

COPY public.exam_evaluation (id, grade, exam_id, user_id, child_id, talent) FROM stdin;
\.


--
-- Data for Name: exam_exam; Type: TABLE DATA; Schema: public; Owner: dbuser
--

COPY public.exam_exam (id, name, type, is_last) FROM stdin;
1	تست بکاپ	1	f
\.


--
-- Data for Name: exam_examdone; Type: TABLE DATA; Schema: public; Owner: dbuser
--

COPY public.exam_examdone (id, created_at, child_id, user_id, exam_id) FROM stdin;
\.


--
-- Data for Name: exam_question; Type: TABLE DATA; Schema: public; Owner: dbuser
--

COPY public.exam_question (id, question, exam_id, type) FROM stdin;
1	سوال اول زبانی	1	1
2	سوال دوم زبانی	1	1
3	سوال سوم زبانی	1	1
\.


--
-- Data for Name: orders_order; Type: TABLE DATA; Schema: public; Owner: dbuser
--

COPY public.orders_order (id, paid, created, user_id) FROM stdin;
\.


--
-- Data for Name: orders_orderitems; Type: TABLE DATA; Schema: public; Owner: dbuser
--

COPY public.orders_orderitems (id, quantity, price, created, child_id, course_id, order_id) FROM stdin;
\.


--
-- Data for Name: token_blacklist_blacklistedtoken; Type: TABLE DATA; Schema: public; Owner: dbuser
--

COPY public.token_blacklist_blacklistedtoken (id, blacklisted_at, token_id) FROM stdin;
\.


--
-- Data for Name: token_blacklist_outstandingtoken; Type: TABLE DATA; Schema: public; Owner: dbuser
--

COPY public.token_blacklist_outstandingtoken (id, token, created_at, expires_at, user_id, jti) FROM stdin;
\.


--
-- Name: accounts_otpcode_id_seq; Type: SEQUENCE SET; Schema: public; Owner: dbuser
--

SELECT pg_catalog.setval('public.accounts_otpcode_id_seq', 1, false);


--
-- Name: accounts_userprofile_id_seq; Type: SEQUENCE SET; Schema: public; Owner: dbuser
--

SELECT pg_catalog.setval('public.accounts_userprofile_id_seq', 1, false);


--
-- Name: auth_group_id_seq; Type: SEQUENCE SET; Schema: public; Owner: dbuser
--

SELECT pg_catalog.setval('public.auth_group_id_seq', 1, false);


--
-- Name: auth_group_permissions_id_seq; Type: SEQUENCE SET; Schema: public; Owner: dbuser
--

SELECT pg_catalog.setval('public.auth_group_permissions_id_seq', 1, false);


--
-- Name: auth_permission_id_seq; Type: SEQUENCE SET; Schema: public; Owner: dbuser
--

SELECT pg_catalog.setval('public.auth_permission_id_seq', 165, true);


--
-- Name: courses_content_id_seq; Type: SEQUENCE SET; Schema: public; Owner: dbuser
--

SELECT pg_catalog.setval('public.courses_content_id_seq', 1, false);


--
-- Name: courses_contentprerequisite_id_seq; Type: SEQUENCE SET; Schema: public; Owner: dbuser
--

SELECT pg_catalog.setval('public.courses_contentprerequisite_id_seq', 1, false);


--
-- Name: courses_course_id_seq; Type: SEQUENCE SET; Schema: public; Owner: dbuser
--

SELECT pg_catalog.setval('public.courses_course_id_seq', 1, false);


--
-- Name: courses_courseinformation_id_seq; Type: SEQUENCE SET; Schema: public; Owner: dbuser
--

SELECT pg_catalog.setval('public.courses_courseinformation_id_seq', 1, false);


--
-- Name: courses_coursesettings_id_seq; Type: SEQUENCE SET; Schema: public; Owner: dbuser
--

SELECT pg_catalog.setval('public.courses_coursesettings_id_seq', 1, false);


--
-- Name: courses_module_id_seq; Type: SEQUENCE SET; Schema: public; Owner: dbuser
--

SELECT pg_catalog.setval('public.courses_module_id_seq', 1, false);


--
-- Name: courses_moduleschedule_id_seq; Type: SEQUENCE SET; Schema: public; Owner: dbuser
--

SELECT pg_catalog.setval('public.courses_moduleschedule_id_seq', 1, false);


--
-- Name: courses_usercourse_id_seq; Type: SEQUENCE SET; Schema: public; Owner: dbuser
--

SELECT pg_catalog.setval('public.courses_usercourse_id_seq', 1, false);


--
-- Name: courses_userwatchcontent_id_seq; Type: SEQUENCE SET; Schema: public; Owner: dbuser
--

SELECT pg_catalog.setval('public.courses_userwatchcontent_id_seq', 1, false);


--
-- Name: courses_videocontents_id_seq; Type: SEQUENCE SET; Schema: public; Owner: dbuser
--

SELECT pg_catalog.setval('public.courses_videocontents_id_seq', 1, false);


--
-- Name: dashboard_simplestattic_id_seq; Type: SEQUENCE SET; Schema: public; Owner: dbuser
--

SELECT pg_catalog.setval('public.dashboard_simplestattic_id_seq', 1, false);


--
-- Name: django_admin_log_id_seq; Type: SEQUENCE SET; Schema: public; Owner: dbuser
--

SELECT pg_catalog.setval('public.django_admin_log_id_seq', 1, true);


--
-- Name: django_celery_beat_clockedschedule_id_seq; Type: SEQUENCE SET; Schema: public; Owner: dbuser
--

SELECT pg_catalog.setval('public.django_celery_beat_clockedschedule_id_seq', 1, false);


--
-- Name: django_celery_beat_crontabschedule_id_seq; Type: SEQUENCE SET; Schema: public; Owner: dbuser
--

SELECT pg_catalog.setval('public.django_celery_beat_crontabschedule_id_seq', 33, true);


--
-- Name: django_celery_beat_intervalschedule_id_seq; Type: SEQUENCE SET; Schema: public; Owner: dbuser
--

SELECT pg_catalog.setval('public.django_celery_beat_intervalschedule_id_seq', 1, false);


--
-- Name: django_celery_beat_periodictask_id_seq; Type: SEQUENCE SET; Schema: public; Owner: dbuser
--

SELECT pg_catalog.setval('public.django_celery_beat_periodictask_id_seq', 33, true);


--
-- Name: django_celery_beat_solarschedule_id_seq; Type: SEQUENCE SET; Schema: public; Owner: dbuser
--

SELECT pg_catalog.setval('public.django_celery_beat_solarschedule_id_seq', 1, false);


--
-- Name: django_content_type_id_seq; Type: SEQUENCE SET; Schema: public; Owner: dbuser
--

SELECT pg_catalog.setval('public.django_content_type_id_seq', 66, true);


--
-- Name: django_migrations_id_seq; Type: SEQUENCE SET; Schema: public; Owner: dbuser
--

SELECT pg_catalog.setval('public.django_migrations_id_seq', 99, true);


--
-- Name: exam_answerquestion_id_seq; Type: SEQUENCE SET; Schema: public; Owner: dbuser
--

SELECT pg_catalog.setval('public.exam_answerquestion_id_seq', 1, false);


--
-- Name: exam_evaluation_id_seq; Type: SEQUENCE SET; Schema: public; Owner: dbuser
--

SELECT pg_catalog.setval('public.exam_evaluation_id_seq', 1, false);


--
-- Name: exam_exam_id_seq; Type: SEQUENCE SET; Schema: public; Owner: dbuser
--

SELECT pg_catalog.setval('public.exam_exam_id_seq', 1, true);


--
-- Name: exam_examdone_id_seq; Type: SEQUENCE SET; Schema: public; Owner: dbuser
--

SELECT pg_catalog.setval('public.exam_examdone_id_seq', 1, false);


--
-- Name: exam_question_id_seq; Type: SEQUENCE SET; Schema: public; Owner: dbuser
--

SELECT pg_catalog.setval('public.exam_question_id_seq', 3, true);


--
-- Name: orders_order_id_seq; Type: SEQUENCE SET; Schema: public; Owner: dbuser
--

SELECT pg_catalog.setval('public.orders_order_id_seq', 1, false);


--
-- Name: orders_orderitems_id_seq; Type: SEQUENCE SET; Schema: public; Owner: dbuser
--

SELECT pg_catalog.setval('public.orders_orderitems_id_seq', 1, false);


--
-- Name: token_blacklist_blacklistedtoken_id_seq; Type: SEQUENCE SET; Schema: public; Owner: dbuser
--

SELECT pg_catalog.setval('public.token_blacklist_blacklistedtoken_id_seq', 1, false);


--
-- Name: token_blacklist_outstandingtoken_id_seq; Type: SEQUENCE SET; Schema: public; Owner: dbuser
--

SELECT pg_catalog.setval('public.token_blacklist_outstandingtoken_id_seq', 1, false);


--
-- Name: accounts_childuser accounts_childuser_pkey; Type: CONSTRAINT; Schema: public; Owner: dbuser
--

ALTER TABLE ONLY public.accounts_childuser
    ADD CONSTRAINT accounts_childuser_pkey PRIMARY KEY (national_code);


--
-- Name: accounts_otpcode accounts_otpcode_phone_number_key; Type: CONSTRAINT; Schema: public; Owner: dbuser
--

ALTER TABLE ONLY public.accounts_otpcode
    ADD CONSTRAINT accounts_otpcode_phone_number_key UNIQUE (phone_number);


--
-- Name: accounts_otpcode accounts_otpcode_pkey; Type: CONSTRAINT; Schema: public; Owner: dbuser
--

ALTER TABLE ONLY public.accounts_otpcode
    ADD CONSTRAINT accounts_otpcode_pkey PRIMARY KEY (id);


--
-- Name: accounts_user accounts_user_phone_number_key; Type: CONSTRAINT; Schema: public; Owner: dbuser
--

ALTER TABLE ONLY public.accounts_user
    ADD CONSTRAINT accounts_user_phone_number_key UNIQUE (phone_number);


--
-- Name: accounts_user accounts_user_pkey; Type: CONSTRAINT; Schema: public; Owner: dbuser
--

ALTER TABLE ONLY public.accounts_user
    ADD CONSTRAINT accounts_user_pkey PRIMARY KEY (national_code);


--
-- Name: accounts_userprofile accounts_userprofile_pkey; Type: CONSTRAINT; Schema: public; Owner: dbuser
--

ALTER TABLE ONLY public.accounts_userprofile
    ADD CONSTRAINT accounts_userprofile_pkey PRIMARY KEY (id);


--
-- Name: auth_group auth_group_name_key; Type: CONSTRAINT; Schema: public; Owner: dbuser
--

ALTER TABLE ONLY public.auth_group
    ADD CONSTRAINT auth_group_name_key UNIQUE (name);


--
-- Name: auth_group_permissions auth_group_permissions_group_id_permission_id_0cd325b0_uniq; Type: CONSTRAINT; Schema: public; Owner: dbuser
--

ALTER TABLE ONLY public.auth_group_permissions
    ADD CONSTRAINT auth_group_permissions_group_id_permission_id_0cd325b0_uniq UNIQUE (group_id, permission_id);


--
-- Name: auth_group_permissions auth_group_permissions_pkey; Type: CONSTRAINT; Schema: public; Owner: dbuser
--

ALTER TABLE ONLY public.auth_group_permissions
    ADD CONSTRAINT auth_group_permissions_pkey PRIMARY KEY (id);


--
-- Name: auth_group auth_group_pkey; Type: CONSTRAINT; Schema: public; Owner: dbuser
--

ALTER TABLE ONLY public.auth_group
    ADD CONSTRAINT auth_group_pkey PRIMARY KEY (id);


--
-- Name: auth_permission auth_permission_content_type_id_codename_01ab375a_uniq; Type: CONSTRAINT; Schema: public; Owner: dbuser
--

ALTER TABLE ONLY public.auth_permission
    ADD CONSTRAINT auth_permission_content_type_id_codename_01ab375a_uniq UNIQUE (content_type_id, codename);


--
-- Name: auth_permission auth_permission_pkey; Type: CONSTRAINT; Schema: public; Owner: dbuser
--

ALTER TABLE ONLY public.auth_permission
    ADD CONSTRAINT auth_permission_pkey PRIMARY KEY (id);


--
-- Name: courses_content courses_content_pkey; Type: CONSTRAINT; Schema: public; Owner: dbuser
--

ALTER TABLE ONLY public.courses_content
    ADD CONSTRAINT courses_content_pkey PRIMARY KEY (id);


--
-- Name: courses_contentprerequisite courses_contentprerequisite_pkey; Type: CONSTRAINT; Schema: public; Owner: dbuser
--

ALTER TABLE ONLY public.courses_contentprerequisite
    ADD CONSTRAINT courses_contentprerequisite_pkey PRIMARY KEY (id);


--
-- Name: courses_course courses_course_pkey; Type: CONSTRAINT; Schema: public; Owner: dbuser
--

ALTER TABLE ONLY public.courses_course
    ADD CONSTRAINT courses_course_pkey PRIMARY KEY (id);


--
-- Name: courses_courseinformation courses_courseinformation_pkey; Type: CONSTRAINT; Schema: public; Owner: dbuser
--

ALTER TABLE ONLY public.courses_courseinformation
    ADD CONSTRAINT courses_courseinformation_pkey PRIMARY KEY (id);


--
-- Name: courses_coursesettings courses_coursesettings_pkey; Type: CONSTRAINT; Schema: public; Owner: dbuser
--

ALTER TABLE ONLY public.courses_coursesettings
    ADD CONSTRAINT courses_coursesettings_pkey PRIMARY KEY (id);


--
-- Name: courses_module courses_module_pkey; Type: CONSTRAINT; Schema: public; Owner: dbuser
--

ALTER TABLE ONLY public.courses_module
    ADD CONSTRAINT courses_module_pkey PRIMARY KEY (id);


--
-- Name: courses_moduleschedule courses_moduleschedule_pkey; Type: CONSTRAINT; Schema: public; Owner: dbuser
--

ALTER TABLE ONLY public.courses_moduleschedule
    ADD CONSTRAINT courses_moduleschedule_pkey PRIMARY KEY (id);


--
-- Name: courses_usercourse courses_usercourse_pkey; Type: CONSTRAINT; Schema: public; Owner: dbuser
--

ALTER TABLE ONLY public.courses_usercourse
    ADD CONSTRAINT courses_usercourse_pkey PRIMARY KEY (id);


--
-- Name: courses_userdonecontent courses_userwatchcontent_pkey; Type: CONSTRAINT; Schema: public; Owner: dbuser
--

ALTER TABLE ONLY public.courses_userdonecontent
    ADD CONSTRAINT courses_userwatchcontent_pkey PRIMARY KEY (id);


--
-- Name: courses_videocontents courses_videocontents_pkey; Type: CONSTRAINT; Schema: public; Owner: dbuser
--

ALTER TABLE ONLY public.courses_videocontents
    ADD CONSTRAINT courses_videocontents_pkey PRIMARY KEY (id);


--
-- Name: dashboard_simplestattic dashboard_simplestattic_pkey; Type: CONSTRAINT; Schema: public; Owner: dbuser
--

ALTER TABLE ONLY public.dashboard_simplestattic
    ADD CONSTRAINT dashboard_simplestattic_pkey PRIMARY KEY (id);


--
-- Name: django_admin_log django_admin_log_pkey; Type: CONSTRAINT; Schema: public; Owner: dbuser
--

ALTER TABLE ONLY public.django_admin_log
    ADD CONSTRAINT django_admin_log_pkey PRIMARY KEY (id);


--
-- Name: django_celery_beat_clockedschedule django_celery_beat_clockedschedule_pkey; Type: CONSTRAINT; Schema: public; Owner: dbuser
--

ALTER TABLE ONLY public.django_celery_beat_clockedschedule
    ADD CONSTRAINT django_celery_beat_clockedschedule_pkey PRIMARY KEY (id);


--
-- Name: django_celery_beat_crontabschedule django_celery_beat_crontabschedule_pkey; Type: CONSTRAINT; Schema: public; Owner: dbuser
--

ALTER TABLE ONLY public.django_celery_beat_crontabschedule
    ADD CONSTRAINT django_celery_beat_crontabschedule_pkey PRIMARY KEY (id);


--
-- Name: django_celery_beat_intervalschedule django_celery_beat_intervalschedule_pkey; Type: CONSTRAINT; Schema: public; Owner: dbuser
--

ALTER TABLE ONLY public.django_celery_beat_intervalschedule
    ADD CONSTRAINT django_celery_beat_intervalschedule_pkey PRIMARY KEY (id);


--
-- Name: django_celery_beat_periodictask django_celery_beat_periodictask_name_key; Type: CONSTRAINT; Schema: public; Owner: dbuser
--

ALTER TABLE ONLY public.django_celery_beat_periodictask
    ADD CONSTRAINT django_celery_beat_periodictask_name_key UNIQUE (name);


--
-- Name: django_celery_beat_periodictask django_celery_beat_periodictask_pkey; Type: CONSTRAINT; Schema: public; Owner: dbuser
--

ALTER TABLE ONLY public.django_celery_beat_periodictask
    ADD CONSTRAINT django_celery_beat_periodictask_pkey PRIMARY KEY (id);


--
-- Name: django_celery_beat_periodictasks django_celery_beat_periodictasks_pkey; Type: CONSTRAINT; Schema: public; Owner: dbuser
--

ALTER TABLE ONLY public.django_celery_beat_periodictasks
    ADD CONSTRAINT django_celery_beat_periodictasks_pkey PRIMARY KEY (ident);


--
-- Name: django_celery_beat_solarschedule django_celery_beat_solar_event_latitude_longitude_ba64999a_uniq; Type: CONSTRAINT; Schema: public; Owner: dbuser
--

ALTER TABLE ONLY public.django_celery_beat_solarschedule
    ADD CONSTRAINT django_celery_beat_solar_event_latitude_longitude_ba64999a_uniq UNIQUE (event, latitude, longitude);


--
-- Name: django_celery_beat_solarschedule django_celery_beat_solarschedule_pkey; Type: CONSTRAINT; Schema: public; Owner: dbuser
--

ALTER TABLE ONLY public.django_celery_beat_solarschedule
    ADD CONSTRAINT django_celery_beat_solarschedule_pkey PRIMARY KEY (id);


--
-- Name: django_content_type django_content_type_app_label_model_76bd3d3b_uniq; Type: CONSTRAINT; Schema: public; Owner: dbuser
--

ALTER TABLE ONLY public.django_content_type
    ADD CONSTRAINT django_content_type_app_label_model_76bd3d3b_uniq UNIQUE (app_label, model);


--
-- Name: django_content_type django_content_type_pkey; Type: CONSTRAINT; Schema: public; Owner: dbuser
--

ALTER TABLE ONLY public.django_content_type
    ADD CONSTRAINT django_content_type_pkey PRIMARY KEY (id);


--
-- Name: django_migrations django_migrations_pkey; Type: CONSTRAINT; Schema: public; Owner: dbuser
--

ALTER TABLE ONLY public.django_migrations
    ADD CONSTRAINT django_migrations_pkey PRIMARY KEY (id);


--
-- Name: django_session django_session_pkey; Type: CONSTRAINT; Schema: public; Owner: dbuser
--

ALTER TABLE ONLY public.django_session
    ADD CONSTRAINT django_session_pkey PRIMARY KEY (session_key);


--
-- Name: exam_answerquestion exam_answerquestion_pkey; Type: CONSTRAINT; Schema: public; Owner: dbuser
--

ALTER TABLE ONLY public.exam_answerquestion
    ADD CONSTRAINT exam_answerquestion_pkey PRIMARY KEY (id);


--
-- Name: exam_evaluation exam_evaluation_pkey; Type: CONSTRAINT; Schema: public; Owner: dbuser
--

ALTER TABLE ONLY public.exam_evaluation
    ADD CONSTRAINT exam_evaluation_pkey PRIMARY KEY (id);


--
-- Name: exam_exam exam_exam_pkey; Type: CONSTRAINT; Schema: public; Owner: dbuser
--

ALTER TABLE ONLY public.exam_exam
    ADD CONSTRAINT exam_exam_pkey PRIMARY KEY (id);


--
-- Name: exam_examdone exam_examdone_pkey; Type: CONSTRAINT; Schema: public; Owner: dbuser
--

ALTER TABLE ONLY public.exam_examdone
    ADD CONSTRAINT exam_examdone_pkey PRIMARY KEY (id);


--
-- Name: exam_question exam_question_pkey; Type: CONSTRAINT; Schema: public; Owner: dbuser
--

ALTER TABLE ONLY public.exam_question
    ADD CONSTRAINT exam_question_pkey PRIMARY KEY (id);


--
-- Name: orders_order orders_order_pkey; Type: CONSTRAINT; Schema: public; Owner: dbuser
--

ALTER TABLE ONLY public.orders_order
    ADD CONSTRAINT orders_order_pkey PRIMARY KEY (id);


--
-- Name: orders_orderitems orders_orderitems_pkey; Type: CONSTRAINT; Schema: public; Owner: dbuser
--

ALTER TABLE ONLY public.orders_orderitems
    ADD CONSTRAINT orders_orderitems_pkey PRIMARY KEY (id);


--
-- Name: token_blacklist_blacklistedtoken token_blacklist_blacklistedtoken_pkey; Type: CONSTRAINT; Schema: public; Owner: dbuser
--

ALTER TABLE ONLY public.token_blacklist_blacklistedtoken
    ADD CONSTRAINT token_blacklist_blacklistedtoken_pkey PRIMARY KEY (id);


--
-- Name: token_blacklist_blacklistedtoken token_blacklist_blacklistedtoken_token_id_key; Type: CONSTRAINT; Schema: public; Owner: dbuser
--

ALTER TABLE ONLY public.token_blacklist_blacklistedtoken
    ADD CONSTRAINT token_blacklist_blacklistedtoken_token_id_key UNIQUE (token_id);


--
-- Name: token_blacklist_outstandingtoken token_blacklist_outstandingtoken_jti_hex_d9bdf6f7_uniq; Type: CONSTRAINT; Schema: public; Owner: dbuser
--

ALTER TABLE ONLY public.token_blacklist_outstandingtoken
    ADD CONSTRAINT token_blacklist_outstandingtoken_jti_hex_d9bdf6f7_uniq UNIQUE (jti);


--
-- Name: token_blacklist_outstandingtoken token_blacklist_outstandingtoken_pkey; Type: CONSTRAINT; Schema: public; Owner: dbuser
--

ALTER TABLE ONLY public.token_blacklist_outstandingtoken
    ADD CONSTRAINT token_blacklist_outstandingtoken_pkey PRIMARY KEY (id);


--
-- Name: accounts_childuser_national_code_44fa6beb_like; Type: INDEX; Schema: public; Owner: dbuser
--

CREATE INDEX accounts_childuser_national_code_44fa6beb_like ON public.accounts_childuser USING btree (national_code varchar_pattern_ops);


--
-- Name: accounts_childuser_parent_id_2126a5bd; Type: INDEX; Schema: public; Owner: dbuser
--

CREATE INDEX accounts_childuser_parent_id_2126a5bd ON public.accounts_childuser USING btree (parent_id);


--
-- Name: accounts_childuser_parent_id_2126a5bd_like; Type: INDEX; Schema: public; Owner: dbuser
--

CREATE INDEX accounts_childuser_parent_id_2126a5bd_like ON public.accounts_childuser USING btree (parent_id varchar_pattern_ops);


--
-- Name: accounts_otpcode_phone_number_da335c33_like; Type: INDEX; Schema: public; Owner: dbuser
--

CREATE INDEX accounts_otpcode_phone_number_da335c33_like ON public.accounts_otpcode USING btree (phone_number varchar_pattern_ops);


--
-- Name: accounts_user_national_code_6c4d1612_like; Type: INDEX; Schema: public; Owner: dbuser
--

CREATE INDEX accounts_user_national_code_6c4d1612_like ON public.accounts_user USING btree (national_code varchar_pattern_ops);


--
-- Name: accounts_user_phone_number_af3e1068_like; Type: INDEX; Schema: public; Owner: dbuser
--

CREATE INDEX accounts_user_phone_number_af3e1068_like ON public.accounts_user USING btree (phone_number varchar_pattern_ops);


--
-- Name: accounts_userprofile_husband_id_89a9a527; Type: INDEX; Schema: public; Owner: dbuser
--

CREATE INDEX accounts_userprofile_husband_id_89a9a527 ON public.accounts_userprofile USING btree (husband_id);


--
-- Name: accounts_userprofile_husband_id_89a9a527_like; Type: INDEX; Schema: public; Owner: dbuser
--

CREATE INDEX accounts_userprofile_husband_id_89a9a527_like ON public.accounts_userprofile USING btree (husband_id varchar_pattern_ops);


--
-- Name: accounts_userprofile_user_id_92240672; Type: INDEX; Schema: public; Owner: dbuser
--

CREATE INDEX accounts_userprofile_user_id_92240672 ON public.accounts_userprofile USING btree (user_id);


--
-- Name: accounts_userprofile_user_id_92240672_like; Type: INDEX; Schema: public; Owner: dbuser
--

CREATE INDEX accounts_userprofile_user_id_92240672_like ON public.accounts_userprofile USING btree (user_id varchar_pattern_ops);


--
-- Name: auth_group_name_a6ea08ec_like; Type: INDEX; Schema: public; Owner: dbuser
--

CREATE INDEX auth_group_name_a6ea08ec_like ON public.auth_group USING btree (name varchar_pattern_ops);


--
-- Name: auth_group_permissions_group_id_b120cbf9; Type: INDEX; Schema: public; Owner: dbuser
--

CREATE INDEX auth_group_permissions_group_id_b120cbf9 ON public.auth_group_permissions USING btree (group_id);


--
-- Name: auth_group_permissions_permission_id_84c5c92e; Type: INDEX; Schema: public; Owner: dbuser
--

CREATE INDEX auth_group_permissions_permission_id_84c5c92e ON public.auth_group_permissions USING btree (permission_id);


--
-- Name: auth_permission_content_type_id_2f476e4b; Type: INDEX; Schema: public; Owner: dbuser
--

CREATE INDEX auth_permission_content_type_id_2f476e4b ON public.auth_permission USING btree (content_type_id);


--
-- Name: courses_content_content_type_id_e6d9a477; Type: INDEX; Schema: public; Owner: dbuser
--

CREATE INDEX courses_content_content_type_id_e6d9a477 ON public.courses_content USING btree (content_type_id);


--
-- Name: courses_content_module_id_38e9abef; Type: INDEX; Schema: public; Owner: dbuser
--

CREATE INDEX courses_content_module_id_38e9abef ON public.courses_content USING btree (module_id);


--
-- Name: courses_contentprerequisite_content_id_808fbfbc; Type: INDEX; Schema: public; Owner: dbuser
--

CREATE INDEX courses_contentprerequisite_content_id_808fbfbc ON public.courses_contentprerequisite USING btree (content_id);


--
-- Name: courses_contentprerequisite_course_id_83fe5299; Type: INDEX; Schema: public; Owner: dbuser
--

CREATE INDEX courses_contentprerequisite_course_id_83fe5299 ON public.courses_contentprerequisite USING btree (course_id);


--
-- Name: courses_contentprerequisite_prerequisite_content_id_72fc9623; Type: INDEX; Schema: public; Owner: dbuser
--

CREATE INDEX courses_contentprerequisite_prerequisite_content_id_72fc9623 ON public.courses_contentprerequisite USING btree (prerequisite_content_id);


--
-- Name: courses_module_course_id_7d4820de; Type: INDEX; Schema: public; Owner: dbuser
--

CREATE INDEX courses_module_course_id_7d4820de ON public.courses_module USING btree (course_id);


--
-- Name: courses_moduleschedule_child_id_e7e2f5f4; Type: INDEX; Schema: public; Owner: dbuser
--

CREATE INDEX courses_moduleschedule_child_id_e7e2f5f4 ON public.courses_moduleschedule USING btree (child_id);


--
-- Name: courses_moduleschedule_child_id_e7e2f5f4_like; Type: INDEX; Schema: public; Owner: dbuser
--

CREATE INDEX courses_moduleschedule_child_id_e7e2f5f4_like ON public.courses_moduleschedule USING btree (child_id varchar_pattern_ops);


--
-- Name: courses_moduleschedule_module_id_2e950604; Type: INDEX; Schema: public; Owner: dbuser
--

CREATE INDEX courses_moduleschedule_module_id_2e950604 ON public.courses_moduleschedule USING btree (module_id);


--
-- Name: courses_moduleschedule_user_course_id_e47aacac; Type: INDEX; Schema: public; Owner: dbuser
--

CREATE INDEX courses_moduleschedule_user_course_id_e47aacac ON public.courses_moduleschedule USING btree (user_course_id);


--
-- Name: courses_usercourse_child_id_2e32dff7; Type: INDEX; Schema: public; Owner: dbuser
--

CREATE INDEX courses_usercourse_child_id_2e32dff7 ON public.courses_usercourse USING btree (child_id);


--
-- Name: courses_usercourse_child_id_2e32dff7_like; Type: INDEX; Schema: public; Owner: dbuser
--

CREATE INDEX courses_usercourse_child_id_2e32dff7_like ON public.courses_usercourse USING btree (child_id varchar_pattern_ops);


--
-- Name: courses_usercourse_course_id_79aafda5; Type: INDEX; Schema: public; Owner: dbuser
--

CREATE INDEX courses_usercourse_course_id_79aafda5 ON public.courses_usercourse USING btree (course_id);


--
-- Name: courses_usercourse_user_id_cf8a0b9a; Type: INDEX; Schema: public; Owner: dbuser
--

CREATE INDEX courses_usercourse_user_id_cf8a0b9a ON public.courses_usercourse USING btree (user_id);


--
-- Name: courses_usercourse_user_id_cf8a0b9a_like; Type: INDEX; Schema: public; Owner: dbuser
--

CREATE INDEX courses_usercourse_user_id_cf8a0b9a_like ON public.courses_usercourse USING btree (user_id varchar_pattern_ops);


--
-- Name: courses_userdonecontent_child_id_652856fe; Type: INDEX; Schema: public; Owner: dbuser
--

CREATE INDEX courses_userdonecontent_child_id_652856fe ON public.courses_userdonecontent USING btree (child_id);


--
-- Name: courses_userdonecontent_child_id_652856fe_like; Type: INDEX; Schema: public; Owner: dbuser
--

CREATE INDEX courses_userdonecontent_child_id_652856fe_like ON public.courses_userdonecontent USING btree (child_id varchar_pattern_ops);


--
-- Name: courses_userdonecontent_course_id_a9178d72; Type: INDEX; Schema: public; Owner: dbuser
--

CREATE INDEX courses_userdonecontent_course_id_a9178d72 ON public.courses_userdonecontent USING btree (course_id);


--
-- Name: courses_userwatchcontent_content_id_3f79b28a; Type: INDEX; Schema: public; Owner: dbuser
--

CREATE INDEX courses_userwatchcontent_content_id_3f79b28a ON public.courses_userdonecontent USING btree (content_id);


--
-- Name: courses_userwatchcontent_user_id_37da82fe; Type: INDEX; Schema: public; Owner: dbuser
--

CREATE INDEX courses_userwatchcontent_user_id_37da82fe ON public.courses_userdonecontent USING btree (user_id);


--
-- Name: courses_userwatchcontent_user_id_37da82fe_like; Type: INDEX; Schema: public; Owner: dbuser
--

CREATE INDEX courses_userwatchcontent_user_id_37da82fe_like ON public.courses_userdonecontent USING btree (user_id varchar_pattern_ops);


--
-- Name: django_admin_log_content_type_id_c4bce8eb; Type: INDEX; Schema: public; Owner: dbuser
--

CREATE INDEX django_admin_log_content_type_id_c4bce8eb ON public.django_admin_log USING btree (content_type_id);


--
-- Name: django_admin_log_user_id_c564eba6; Type: INDEX; Schema: public; Owner: dbuser
--

CREATE INDEX django_admin_log_user_id_c564eba6 ON public.django_admin_log USING btree (user_id);


--
-- Name: django_admin_log_user_id_c564eba6_like; Type: INDEX; Schema: public; Owner: dbuser
--

CREATE INDEX django_admin_log_user_id_c564eba6_like ON public.django_admin_log USING btree (user_id varchar_pattern_ops);


--
-- Name: django_celery_beat_periodictask_clocked_id_47a69f82; Type: INDEX; Schema: public; Owner: dbuser
--

CREATE INDEX django_celery_beat_periodictask_clocked_id_47a69f82 ON public.django_celery_beat_periodictask USING btree (clocked_id);


--
-- Name: django_celery_beat_periodictask_crontab_id_d3cba168; Type: INDEX; Schema: public; Owner: dbuser
--

CREATE INDEX django_celery_beat_periodictask_crontab_id_d3cba168 ON public.django_celery_beat_periodictask USING btree (crontab_id);


--
-- Name: django_celery_beat_periodictask_interval_id_a8ca27da; Type: INDEX; Schema: public; Owner: dbuser
--

CREATE INDEX django_celery_beat_periodictask_interval_id_a8ca27da ON public.django_celery_beat_periodictask USING btree (interval_id);


--
-- Name: django_celery_beat_periodictask_name_265a36b7_like; Type: INDEX; Schema: public; Owner: dbuser
--

CREATE INDEX django_celery_beat_periodictask_name_265a36b7_like ON public.django_celery_beat_periodictask USING btree (name varchar_pattern_ops);


--
-- Name: django_celery_beat_periodictask_solar_id_a87ce72c; Type: INDEX; Schema: public; Owner: dbuser
--

CREATE INDEX django_celery_beat_periodictask_solar_id_a87ce72c ON public.django_celery_beat_periodictask USING btree (solar_id);


--
-- Name: django_session_expire_date_a5c62663; Type: INDEX; Schema: public; Owner: dbuser
--

CREATE INDEX django_session_expire_date_a5c62663 ON public.django_session USING btree (expire_date);


--
-- Name: django_session_session_key_c0390e0f_like; Type: INDEX; Schema: public; Owner: dbuser
--

CREATE INDEX django_session_session_key_c0390e0f_like ON public.django_session USING btree (session_key varchar_pattern_ops);


--
-- Name: exam_answerquestion_child_id_c3da85e1; Type: INDEX; Schema: public; Owner: dbuser
--

CREATE INDEX exam_answerquestion_child_id_c3da85e1 ON public.exam_answerquestion USING btree (child_id);


--
-- Name: exam_answerquestion_child_id_c3da85e1_like; Type: INDEX; Schema: public; Owner: dbuser
--

CREATE INDEX exam_answerquestion_child_id_c3da85e1_like ON public.exam_answerquestion USING btree (child_id varchar_pattern_ops);


--
-- Name: exam_answerquestion_exam_id_58fb87bd; Type: INDEX; Schema: public; Owner: dbuser
--

CREATE INDEX exam_answerquestion_exam_id_58fb87bd ON public.exam_answerquestion USING btree (exam_id);


--
-- Name: exam_answerquestion_question_id_2e305f42; Type: INDEX; Schema: public; Owner: dbuser
--

CREATE INDEX exam_answerquestion_question_id_2e305f42 ON public.exam_answerquestion USING btree (question_id);


--
-- Name: exam_answerquestion_user_id_0b28ea97; Type: INDEX; Schema: public; Owner: dbuser
--

CREATE INDEX exam_answerquestion_user_id_0b28ea97 ON public.exam_answerquestion USING btree (user_id);


--
-- Name: exam_answerquestion_user_id_0b28ea97_like; Type: INDEX; Schema: public; Owner: dbuser
--

CREATE INDEX exam_answerquestion_user_id_0b28ea97_like ON public.exam_answerquestion USING btree (user_id varchar_pattern_ops);


--
-- Name: exam_evaluation_child_id_08a64c7f; Type: INDEX; Schema: public; Owner: dbuser
--

CREATE INDEX exam_evaluation_child_id_08a64c7f ON public.exam_evaluation USING btree (child_id);


--
-- Name: exam_evaluation_child_id_08a64c7f_like; Type: INDEX; Schema: public; Owner: dbuser
--

CREATE INDEX exam_evaluation_child_id_08a64c7f_like ON public.exam_evaluation USING btree (child_id varchar_pattern_ops);


--
-- Name: exam_evaluation_exam_id_f05162fd; Type: INDEX; Schema: public; Owner: dbuser
--

CREATE INDEX exam_evaluation_exam_id_f05162fd ON public.exam_evaluation USING btree (exam_id);


--
-- Name: exam_evaluation_user_id_193407f6; Type: INDEX; Schema: public; Owner: dbuser
--

CREATE INDEX exam_evaluation_user_id_193407f6 ON public.exam_evaluation USING btree (user_id);


--
-- Name: exam_evaluation_user_id_193407f6_like; Type: INDEX; Schema: public; Owner: dbuser
--

CREATE INDEX exam_evaluation_user_id_193407f6_like ON public.exam_evaluation USING btree (user_id varchar_pattern_ops);


--
-- Name: exam_examdone_child_id_318850dc; Type: INDEX; Schema: public; Owner: dbuser
--

CREATE INDEX exam_examdone_child_id_318850dc ON public.exam_examdone USING btree (child_id);


--
-- Name: exam_examdone_child_id_318850dc_like; Type: INDEX; Schema: public; Owner: dbuser
--

CREATE INDEX exam_examdone_child_id_318850dc_like ON public.exam_examdone USING btree (child_id varchar_pattern_ops);


--
-- Name: exam_examdone_exam_id_57b13f26; Type: INDEX; Schema: public; Owner: dbuser
--

CREATE INDEX exam_examdone_exam_id_57b13f26 ON public.exam_examdone USING btree (exam_id);


--
-- Name: exam_examdone_user_id_dd5b6fa9; Type: INDEX; Schema: public; Owner: dbuser
--

CREATE INDEX exam_examdone_user_id_dd5b6fa9 ON public.exam_examdone USING btree (user_id);


--
-- Name: exam_examdone_user_id_dd5b6fa9_like; Type: INDEX; Schema: public; Owner: dbuser
--

CREATE INDEX exam_examdone_user_id_dd5b6fa9_like ON public.exam_examdone USING btree (user_id varchar_pattern_ops);


--
-- Name: exam_question_exam_id_e32fc5a5; Type: INDEX; Schema: public; Owner: dbuser
--

CREATE INDEX exam_question_exam_id_e32fc5a5 ON public.exam_question USING btree (exam_id);


--
-- Name: orders_order_user_id_e9b59eb1; Type: INDEX; Schema: public; Owner: dbuser
--

CREATE INDEX orders_order_user_id_e9b59eb1 ON public.orders_order USING btree (user_id);


--
-- Name: orders_order_user_id_e9b59eb1_like; Type: INDEX; Schema: public; Owner: dbuser
--

CREATE INDEX orders_order_user_id_e9b59eb1_like ON public.orders_order USING btree (user_id varchar_pattern_ops);


--
-- Name: orders_orderitems_child_id_02b992ac; Type: INDEX; Schema: public; Owner: dbuser
--

CREATE INDEX orders_orderitems_child_id_02b992ac ON public.orders_orderitems USING btree (child_id);


--
-- Name: orders_orderitems_child_id_02b992ac_like; Type: INDEX; Schema: public; Owner: dbuser
--

CREATE INDEX orders_orderitems_child_id_02b992ac_like ON public.orders_orderitems USING btree (child_id varchar_pattern_ops);


--
-- Name: orders_orderitems_course_id_22382f24; Type: INDEX; Schema: public; Owner: dbuser
--

CREATE INDEX orders_orderitems_course_id_22382f24 ON public.orders_orderitems USING btree (course_id);


--
-- Name: orders_orderitems_order_id_fc85d193; Type: INDEX; Schema: public; Owner: dbuser
--

CREATE INDEX orders_orderitems_order_id_fc85d193 ON public.orders_orderitems USING btree (order_id);


--
-- Name: token_blacklist_outstandingtoken_jti_hex_d9bdf6f7_like; Type: INDEX; Schema: public; Owner: dbuser
--

CREATE INDEX token_blacklist_outstandingtoken_jti_hex_d9bdf6f7_like ON public.token_blacklist_outstandingtoken USING btree (jti varchar_pattern_ops);


--
-- Name: token_blacklist_outstandingtoken_user_id_83bc629a; Type: INDEX; Schema: public; Owner: dbuser
--

CREATE INDEX token_blacklist_outstandingtoken_user_id_83bc629a ON public.token_blacklist_outstandingtoken USING btree (user_id);


--
-- Name: token_blacklist_outstandingtoken_user_id_83bc629a_like; Type: INDEX; Schema: public; Owner: dbuser
--

CREATE INDEX token_blacklist_outstandingtoken_user_id_83bc629a_like ON public.token_blacklist_outstandingtoken USING btree (user_id varchar_pattern_ops);


--
-- Name: accounts_childuser accounts_childuser_parent_id_2126a5bd_fk_accounts_; Type: FK CONSTRAINT; Schema: public; Owner: dbuser
--

ALTER TABLE ONLY public.accounts_childuser
    ADD CONSTRAINT accounts_childuser_parent_id_2126a5bd_fk_accounts_ FOREIGN KEY (parent_id) REFERENCES public.accounts_user(national_code) DEFERRABLE INITIALLY DEFERRED;


--
-- Name: accounts_userprofile accounts_userprofile_husband_id_89a9a527_fk_accounts_; Type: FK CONSTRAINT; Schema: public; Owner: dbuser
--

ALTER TABLE ONLY public.accounts_userprofile
    ADD CONSTRAINT accounts_userprofile_husband_id_89a9a527_fk_accounts_ FOREIGN KEY (husband_id) REFERENCES public.accounts_user(national_code) DEFERRABLE INITIALLY DEFERRED;


--
-- Name: accounts_userprofile accounts_userprofile_user_id_92240672_fk_accounts_; Type: FK CONSTRAINT; Schema: public; Owner: dbuser
--

ALTER TABLE ONLY public.accounts_userprofile
    ADD CONSTRAINT accounts_userprofile_user_id_92240672_fk_accounts_ FOREIGN KEY (user_id) REFERENCES public.accounts_user(national_code) DEFERRABLE INITIALLY DEFERRED;


--
-- Name: auth_group_permissions auth_group_permissio_permission_id_84c5c92e_fk_auth_perm; Type: FK CONSTRAINT; Schema: public; Owner: dbuser
--

ALTER TABLE ONLY public.auth_group_permissions
    ADD CONSTRAINT auth_group_permissio_permission_id_84c5c92e_fk_auth_perm FOREIGN KEY (permission_id) REFERENCES public.auth_permission(id) DEFERRABLE INITIALLY DEFERRED;


--
-- Name: auth_group_permissions auth_group_permissions_group_id_b120cbf9_fk_auth_group_id; Type: FK CONSTRAINT; Schema: public; Owner: dbuser
--

ALTER TABLE ONLY public.auth_group_permissions
    ADD CONSTRAINT auth_group_permissions_group_id_b120cbf9_fk_auth_group_id FOREIGN KEY (group_id) REFERENCES public.auth_group(id) DEFERRABLE INITIALLY DEFERRED;


--
-- Name: auth_permission auth_permission_content_type_id_2f476e4b_fk_django_co; Type: FK CONSTRAINT; Schema: public; Owner: dbuser
--

ALTER TABLE ONLY public.auth_permission
    ADD CONSTRAINT auth_permission_content_type_id_2f476e4b_fk_django_co FOREIGN KEY (content_type_id) REFERENCES public.django_content_type(id) DEFERRABLE INITIALLY DEFERRED;


--
-- Name: courses_content courses_content_content_type_id_e6d9a477_fk_django_co; Type: FK CONSTRAINT; Schema: public; Owner: dbuser
--

ALTER TABLE ONLY public.courses_content
    ADD CONSTRAINT courses_content_content_type_id_e6d9a477_fk_django_co FOREIGN KEY (content_type_id) REFERENCES public.django_content_type(id) DEFERRABLE INITIALLY DEFERRED;


--
-- Name: courses_content courses_content_module_id_38e9abef_fk_courses_module_id; Type: FK CONSTRAINT; Schema: public; Owner: dbuser
--

ALTER TABLE ONLY public.courses_content
    ADD CONSTRAINT courses_content_module_id_38e9abef_fk_courses_module_id FOREIGN KEY (module_id) REFERENCES public.courses_module(id) DEFERRABLE INITIALLY DEFERRED;


--
-- Name: courses_contentprerequisite courses_contentprere_content_id_808fbfbc_fk_courses_c; Type: FK CONSTRAINT; Schema: public; Owner: dbuser
--

ALTER TABLE ONLY public.courses_contentprerequisite
    ADD CONSTRAINT courses_contentprere_content_id_808fbfbc_fk_courses_c FOREIGN KEY (content_id) REFERENCES public.courses_content(id) DEFERRABLE INITIALLY DEFERRED;


--
-- Name: courses_contentprerequisite courses_contentprere_course_id_83fe5299_fk_courses_c; Type: FK CONSTRAINT; Schema: public; Owner: dbuser
--

ALTER TABLE ONLY public.courses_contentprerequisite
    ADD CONSTRAINT courses_contentprere_course_id_83fe5299_fk_courses_c FOREIGN KEY (course_id) REFERENCES public.courses_course(id) DEFERRABLE INITIALLY DEFERRED;


--
-- Name: courses_contentprerequisite courses_contentprere_prerequisite_content_72fc9623_fk_courses_c; Type: FK CONSTRAINT; Schema: public; Owner: dbuser
--

ALTER TABLE ONLY public.courses_contentprerequisite
    ADD CONSTRAINT courses_contentprere_prerequisite_content_72fc9623_fk_courses_c FOREIGN KEY (prerequisite_content_id) REFERENCES public.courses_content(id) DEFERRABLE INITIALLY DEFERRED;


--
-- Name: courses_module courses_module_course_id_7d4820de_fk_courses_course_id; Type: FK CONSTRAINT; Schema: public; Owner: dbuser
--

ALTER TABLE ONLY public.courses_module
    ADD CONSTRAINT courses_module_course_id_7d4820de_fk_courses_course_id FOREIGN KEY (course_id) REFERENCES public.courses_course(id) DEFERRABLE INITIALLY DEFERRED;


--
-- Name: courses_moduleschedule courses_moduleschedu_child_id_e7e2f5f4_fk_accounts_; Type: FK CONSTRAINT; Schema: public; Owner: dbuser
--

ALTER TABLE ONLY public.courses_moduleschedule
    ADD CONSTRAINT courses_moduleschedu_child_id_e7e2f5f4_fk_accounts_ FOREIGN KEY (child_id) REFERENCES public.accounts_childuser(national_code) DEFERRABLE INITIALLY DEFERRED;


--
-- Name: courses_moduleschedule courses_moduleschedu_user_course_id_e47aacac_fk_courses_u; Type: FK CONSTRAINT; Schema: public; Owner: dbuser
--

ALTER TABLE ONLY public.courses_moduleschedule
    ADD CONSTRAINT courses_moduleschedu_user_course_id_e47aacac_fk_courses_u FOREIGN KEY (user_course_id) REFERENCES public.courses_usercourse(id) DEFERRABLE INITIALLY DEFERRED;


--
-- Name: courses_moduleschedule courses_moduleschedule_module_id_2e950604_fk_courses_module_id; Type: FK CONSTRAINT; Schema: public; Owner: dbuser
--

ALTER TABLE ONLY public.courses_moduleschedule
    ADD CONSTRAINT courses_moduleschedule_module_id_2e950604_fk_courses_module_id FOREIGN KEY (module_id) REFERENCES public.courses_module(id) DEFERRABLE INITIALLY DEFERRED;


--
-- Name: courses_usercourse courses_usercourse_child_id_2e32dff7_fk_accounts_; Type: FK CONSTRAINT; Schema: public; Owner: dbuser
--

ALTER TABLE ONLY public.courses_usercourse
    ADD CONSTRAINT courses_usercourse_child_id_2e32dff7_fk_accounts_ FOREIGN KEY (child_id) REFERENCES public.accounts_childuser(national_code) DEFERRABLE INITIALLY DEFERRED;


--
-- Name: courses_usercourse courses_usercourse_course_id_79aafda5_fk_courses_course_id; Type: FK CONSTRAINT; Schema: public; Owner: dbuser
--

ALTER TABLE ONLY public.courses_usercourse
    ADD CONSTRAINT courses_usercourse_course_id_79aafda5_fk_courses_course_id FOREIGN KEY (course_id) REFERENCES public.courses_course(id) DEFERRABLE INITIALLY DEFERRED;


--
-- Name: courses_usercourse courses_usercourse_user_id_cf8a0b9a_fk_accounts_; Type: FK CONSTRAINT; Schema: public; Owner: dbuser
--

ALTER TABLE ONLY public.courses_usercourse
    ADD CONSTRAINT courses_usercourse_user_id_cf8a0b9a_fk_accounts_ FOREIGN KEY (user_id) REFERENCES public.accounts_user(national_code) DEFERRABLE INITIALLY DEFERRED;


--
-- Name: courses_userdonecontent courses_userdonecont_child_id_652856fe_fk_accounts_; Type: FK CONSTRAINT; Schema: public; Owner: dbuser
--

ALTER TABLE ONLY public.courses_userdonecontent
    ADD CONSTRAINT courses_userdonecont_child_id_652856fe_fk_accounts_ FOREIGN KEY (child_id) REFERENCES public.accounts_childuser(national_code) DEFERRABLE INITIALLY DEFERRED;


--
-- Name: courses_userdonecontent courses_userdonecontent_course_id_a9178d72_fk_courses_course_id; Type: FK CONSTRAINT; Schema: public; Owner: dbuser
--

ALTER TABLE ONLY public.courses_userdonecontent
    ADD CONSTRAINT courses_userdonecontent_course_id_a9178d72_fk_courses_course_id FOREIGN KEY (course_id) REFERENCES public.courses_course(id) DEFERRABLE INITIALLY DEFERRED;


--
-- Name: courses_userdonecontent courses_userwatchcon_content_id_3f79b28a_fk_courses_c; Type: FK CONSTRAINT; Schema: public; Owner: dbuser
--

ALTER TABLE ONLY public.courses_userdonecontent
    ADD CONSTRAINT courses_userwatchcon_content_id_3f79b28a_fk_courses_c FOREIGN KEY (content_id) REFERENCES public.courses_content(id) DEFERRABLE INITIALLY DEFERRED;


--
-- Name: courses_userdonecontent courses_userwatchcon_user_id_37da82fe_fk_accounts_; Type: FK CONSTRAINT; Schema: public; Owner: dbuser
--

ALTER TABLE ONLY public.courses_userdonecontent
    ADD CONSTRAINT courses_userwatchcon_user_id_37da82fe_fk_accounts_ FOREIGN KEY (user_id) REFERENCES public.accounts_user(national_code) DEFERRABLE INITIALLY DEFERRED;


--
-- Name: django_admin_log django_admin_log_content_type_id_c4bce8eb_fk_django_co; Type: FK CONSTRAINT; Schema: public; Owner: dbuser
--

ALTER TABLE ONLY public.django_admin_log
    ADD CONSTRAINT django_admin_log_content_type_id_c4bce8eb_fk_django_co FOREIGN KEY (content_type_id) REFERENCES public.django_content_type(id) DEFERRABLE INITIALLY DEFERRED;


--
-- Name: django_admin_log django_admin_log_user_id_c564eba6_fk_accounts_; Type: FK CONSTRAINT; Schema: public; Owner: dbuser
--

ALTER TABLE ONLY public.django_admin_log
    ADD CONSTRAINT django_admin_log_user_id_c564eba6_fk_accounts_ FOREIGN KEY (user_id) REFERENCES public.accounts_user(national_code) DEFERRABLE INITIALLY DEFERRED;


--
-- Name: django_celery_beat_periodictask django_celery_beat_p_clocked_id_47a69f82_fk_django_ce; Type: FK CONSTRAINT; Schema: public; Owner: dbuser
--

ALTER TABLE ONLY public.django_celery_beat_periodictask
    ADD CONSTRAINT django_celery_beat_p_clocked_id_47a69f82_fk_django_ce FOREIGN KEY (clocked_id) REFERENCES public.django_celery_beat_clockedschedule(id) DEFERRABLE INITIALLY DEFERRED;


--
-- Name: django_celery_beat_periodictask django_celery_beat_p_crontab_id_d3cba168_fk_django_ce; Type: FK CONSTRAINT; Schema: public; Owner: dbuser
--

ALTER TABLE ONLY public.django_celery_beat_periodictask
    ADD CONSTRAINT django_celery_beat_p_crontab_id_d3cba168_fk_django_ce FOREIGN KEY (crontab_id) REFERENCES public.django_celery_beat_crontabschedule(id) DEFERRABLE INITIALLY DEFERRED;


--
-- Name: django_celery_beat_periodictask django_celery_beat_p_interval_id_a8ca27da_fk_django_ce; Type: FK CONSTRAINT; Schema: public; Owner: dbuser
--

ALTER TABLE ONLY public.django_celery_beat_periodictask
    ADD CONSTRAINT django_celery_beat_p_interval_id_a8ca27da_fk_django_ce FOREIGN KEY (interval_id) REFERENCES public.django_celery_beat_intervalschedule(id) DEFERRABLE INITIALLY DEFERRED;


--
-- Name: django_celery_beat_periodictask django_celery_beat_p_solar_id_a87ce72c_fk_django_ce; Type: FK CONSTRAINT; Schema: public; Owner: dbuser
--

ALTER TABLE ONLY public.django_celery_beat_periodictask
    ADD CONSTRAINT django_celery_beat_p_solar_id_a87ce72c_fk_django_ce FOREIGN KEY (solar_id) REFERENCES public.django_celery_beat_solarschedule(id) DEFERRABLE INITIALLY DEFERRED;


--
-- Name: exam_answerquestion exam_answerquestion_child_id_c3da85e1_fk_accounts_; Type: FK CONSTRAINT; Schema: public; Owner: dbuser
--

ALTER TABLE ONLY public.exam_answerquestion
    ADD CONSTRAINT exam_answerquestion_child_id_c3da85e1_fk_accounts_ FOREIGN KEY (child_id) REFERENCES public.accounts_childuser(national_code) DEFERRABLE INITIALLY DEFERRED;


--
-- Name: exam_answerquestion exam_answerquestion_exam_id_58fb87bd_fk_exam_exam_id; Type: FK CONSTRAINT; Schema: public; Owner: dbuser
--

ALTER TABLE ONLY public.exam_answerquestion
    ADD CONSTRAINT exam_answerquestion_exam_id_58fb87bd_fk_exam_exam_id FOREIGN KEY (exam_id) REFERENCES public.exam_exam(id) DEFERRABLE INITIALLY DEFERRED;


--
-- Name: exam_answerquestion exam_answerquestion_question_id_2e305f42_fk_exam_question_id; Type: FK CONSTRAINT; Schema: public; Owner: dbuser
--

ALTER TABLE ONLY public.exam_answerquestion
    ADD CONSTRAINT exam_answerquestion_question_id_2e305f42_fk_exam_question_id FOREIGN KEY (question_id) REFERENCES public.exam_question(id) DEFERRABLE INITIALLY DEFERRED;


--
-- Name: exam_answerquestion exam_answerquestion_user_id_0b28ea97_fk_accounts_; Type: FK CONSTRAINT; Schema: public; Owner: dbuser
--

ALTER TABLE ONLY public.exam_answerquestion
    ADD CONSTRAINT exam_answerquestion_user_id_0b28ea97_fk_accounts_ FOREIGN KEY (user_id) REFERENCES public.accounts_user(national_code) DEFERRABLE INITIALLY DEFERRED;


--
-- Name: exam_evaluation exam_evaluation_child_id_08a64c7f_fk_accounts_; Type: FK CONSTRAINT; Schema: public; Owner: dbuser
--

ALTER TABLE ONLY public.exam_evaluation
    ADD CONSTRAINT exam_evaluation_child_id_08a64c7f_fk_accounts_ FOREIGN KEY (child_id) REFERENCES public.accounts_childuser(national_code) DEFERRABLE INITIALLY DEFERRED;


--
-- Name: exam_evaluation exam_evaluation_exam_id_f05162fd_fk_exam_exam_id; Type: FK CONSTRAINT; Schema: public; Owner: dbuser
--

ALTER TABLE ONLY public.exam_evaluation
    ADD CONSTRAINT exam_evaluation_exam_id_f05162fd_fk_exam_exam_id FOREIGN KEY (exam_id) REFERENCES public.exam_exam(id) DEFERRABLE INITIALLY DEFERRED;


--
-- Name: exam_evaluation exam_evaluation_user_id_193407f6_fk_accounts_user_national_code; Type: FK CONSTRAINT; Schema: public; Owner: dbuser
--

ALTER TABLE ONLY public.exam_evaluation
    ADD CONSTRAINT exam_evaluation_user_id_193407f6_fk_accounts_user_national_code FOREIGN KEY (user_id) REFERENCES public.accounts_user(national_code) DEFERRABLE INITIALLY DEFERRED;


--
-- Name: exam_examdone exam_examdone_child_id_318850dc_fk_accounts_; Type: FK CONSTRAINT; Schema: public; Owner: dbuser
--

ALTER TABLE ONLY public.exam_examdone
    ADD CONSTRAINT exam_examdone_child_id_318850dc_fk_accounts_ FOREIGN KEY (child_id) REFERENCES public.accounts_childuser(national_code) DEFERRABLE INITIALLY DEFERRED;


--
-- Name: exam_examdone exam_examdone_exam_id_57b13f26_fk_exam_exam_id; Type: FK CONSTRAINT; Schema: public; Owner: dbuser
--

ALTER TABLE ONLY public.exam_examdone
    ADD CONSTRAINT exam_examdone_exam_id_57b13f26_fk_exam_exam_id FOREIGN KEY (exam_id) REFERENCES public.exam_exam(id) DEFERRABLE INITIALLY DEFERRED;


--
-- Name: exam_examdone exam_examdone_user_id_dd5b6fa9_fk_accounts_user_national_code; Type: FK CONSTRAINT; Schema: public; Owner: dbuser
--

ALTER TABLE ONLY public.exam_examdone
    ADD CONSTRAINT exam_examdone_user_id_dd5b6fa9_fk_accounts_user_national_code FOREIGN KEY (user_id) REFERENCES public.accounts_user(national_code) DEFERRABLE INITIALLY DEFERRED;


--
-- Name: exam_question exam_question_exam_id_e32fc5a5_fk_exam_exam_id; Type: FK CONSTRAINT; Schema: public; Owner: dbuser
--

ALTER TABLE ONLY public.exam_question
    ADD CONSTRAINT exam_question_exam_id_e32fc5a5_fk_exam_exam_id FOREIGN KEY (exam_id) REFERENCES public.exam_exam(id) DEFERRABLE INITIALLY DEFERRED;


--
-- Name: orders_order orders_order_user_id_e9b59eb1_fk_accounts_user_national_code; Type: FK CONSTRAINT; Schema: public; Owner: dbuser
--

ALTER TABLE ONLY public.orders_order
    ADD CONSTRAINT orders_order_user_id_e9b59eb1_fk_accounts_user_national_code FOREIGN KEY (user_id) REFERENCES public.accounts_user(national_code) DEFERRABLE INITIALLY DEFERRED;


--
-- Name: orders_orderitems orders_orderitems_child_id_02b992ac_fk_accounts_; Type: FK CONSTRAINT; Schema: public; Owner: dbuser
--

ALTER TABLE ONLY public.orders_orderitems
    ADD CONSTRAINT orders_orderitems_child_id_02b992ac_fk_accounts_ FOREIGN KEY (child_id) REFERENCES public.accounts_childuser(national_code) DEFERRABLE INITIALLY DEFERRED;


--
-- Name: orders_orderitems orders_orderitems_course_id_22382f24_fk_courses_course_id; Type: FK CONSTRAINT; Schema: public; Owner: dbuser
--

ALTER TABLE ONLY public.orders_orderitems
    ADD CONSTRAINT orders_orderitems_course_id_22382f24_fk_courses_course_id FOREIGN KEY (course_id) REFERENCES public.courses_course(id) DEFERRABLE INITIALLY DEFERRED;


--
-- Name: orders_orderitems orders_orderitems_order_id_fc85d193_fk_orders_order_id; Type: FK CONSTRAINT; Schema: public; Owner: dbuser
--

ALTER TABLE ONLY public.orders_orderitems
    ADD CONSTRAINT orders_orderitems_order_id_fc85d193_fk_orders_order_id FOREIGN KEY (order_id) REFERENCES public.orders_order(id) DEFERRABLE INITIALLY DEFERRED;


--
-- Name: token_blacklist_blacklistedtoken token_blacklist_blacklistedtoken_token_id_3cc7fe56_fk; Type: FK CONSTRAINT; Schema: public; Owner: dbuser
--

ALTER TABLE ONLY public.token_blacklist_blacklistedtoken
    ADD CONSTRAINT token_blacklist_blacklistedtoken_token_id_3cc7fe56_fk FOREIGN KEY (token_id) REFERENCES public.token_blacklist_outstandingtoken(id) DEFERRABLE INITIALLY DEFERRED;


--
-- Name: token_blacklist_outstandingtoken token_blacklist_outs_user_id_83bc629a_fk_accounts_; Type: FK CONSTRAINT; Schema: public; Owner: dbuser
--

ALTER TABLE ONLY public.token_blacklist_outstandingtoken
    ADD CONSTRAINT token_blacklist_outs_user_id_83bc629a_fk_accounts_ FOREIGN KEY (user_id) REFERENCES public.accounts_user(national_code) DEFERRABLE INITIALLY DEFERRED;


--
-- PostgreSQL database dump complete
--

--
-- PostgreSQL database cluster dump complete
--

